case_id,Ma,Kn,geom,hphs,TwTinf,hs,hp,n_gas,n_surface,lambda_over_hs_assuming_Kn_based_on_hp
PHASE1__Ma4_Kn0.1_BWD_hphs1.5_Tw1,4.0,0.1,BWD,1.5,1.0,0.0199999999999999,0.03,60000,60,0.15000000000000002
PHASE1__Ma4_Kn0.1_FWD_hphs1.5_Tw1,4.0,0.1,FWD,1.5,1.0,0.0199999999999999,0.03,60000,60,0.15000000000000002
PHASE1__Ma4_Kn0.1_ISO_hphs1.5_Tw1,4.0,0.1,ISO,1.5,1.0,0.0199999999999999,0.03,60000,60,0.15000000000000002
PHASE1__Ma4_Kn0.33_BWD_hphs1.5_Tw1,4.0,0.33,BWD,1.5,1.0,0.0199999999999999,0.03,60000,60,0.495
PHASE1__Ma4_Kn0.33_FWD_hphs1.5_Tw1,4.0,0.33,FWD,1.5,1.0,0.0199999999999999,0.03,60000,60,0.495
PHASE1__Ma4_Kn0.33_ISO_hphs1.5_Tw1,4.0,0.33,ISO,1.5,1.0,0.0199999999999999,0.03,60000,60,0.495
PHASE1__Ma4_Kn0.8_BWD_hphs1.5_Tw1,4.0,0.8,BWD,1.5,1.0,0.0199999999999999,0.03,60000,60,1.2000000000000002
PHASE1__Ma4_Kn0.8_FWD_hphs1.5_Tw1,4.0,0.8,FWD,1.5,1.0,0.0199999999999999,0.03,60000,60,1.2000000000000002
PHASE1__Ma4_Kn0.8_ISO_hphs1.5_Tw1,4.0,0.8,ISO,1.5,1.0,0.0199999999999999,0.03,60000,60,1.2000000000000002
PHASE1__Ma6_Kn0.1_BWD_hphs1.5_Tw1,6.0,0.1,BWD,1.5,1.0,0.0199999999999999,0.03,60000,60,0.15000000000000002
PHASE1__Ma6_Kn0.1_FWD_hphs1.5_Tw1,6.0,0.1,FWD,1.5,1.0,0.0199999999999999,0.03,60000,60,0.15000000000000002
PHASE1__Ma6_Kn0.1_ISO_hphs1.5_Tw1,6.0,0.1,ISO,1.5,1.0,0.0199999999999999,0.03,60000,60,0.15000000000000002
PHASE1__Ma6_Kn0.33_BWD_hphs1.5_Tw1,6.0,0.33,BWD,1.5,1.0,0.0199999999999999,0.03,60000,60,0.495
PHASE1__Ma6_Kn0.33_FWD_hphs1.5_Tw1,6.0,0.33,FWD,1.5,1.0,0.0199999999999999,0.03,60000,60,0.495
PHASE1__Ma6_Kn0.33_ISO_hphs1.5_Tw1,6.0,0.33,ISO,1.5,1.0,0.0199999999999999,0.03,60000,60,0.495
PHASE1__Ma6_Kn0.8_BWD_hphs1.5_Tw1,6.0,0.8,BWD,1.5,1.0,0.0199999999999999,0.03,60000,60,1.2000000000000002
PHASE1__Ma6_Kn0.8_FWD_hphs1.5_Tw1,6.0,0.8,FWD,1.5,1.0,0.0199999999999999,0.03,60000,60,1.2000000000000002
PHASE1__Ma6_Kn0.8_ISO_hphs1.5_Tw1,6.0,0.8,ISO,1.5,1.0,0.0199999999999999,0.03,60000,60,1.2000000000000002
PHASE1__Ma8_Kn0.1_BWD_hphs1.5_Tw1,8.0,0.1,BWD,1.5,1.0,0.0199999999999999,0.03,60000,60,0.15000000000000002
PHASE1__Ma8_Kn0.1_FWD_hphs1.5_Tw1,8.0,0.1,FWD,1.5,1.0,0.0199999999999999,0.03,60000,60,0.15000000000000002
PHASE1__Ma8_Kn0.1_ISO_hphs1.5_Tw1,8.0,0.1,ISO,1.5,1.0,0.0199999999999999,0.03,60000,60,0.15000000000000002
PHASE1__Ma8_Kn0.33_BWD_hphs1.5_Tw1,8.0,0.33,BWD,1.5,1.0,0.0199999999999999,0.03,60000,60,0.495
PHASE1__Ma8_Kn0.33_FWD_hphs1.5_Tw1,8.0,0.33,FWD,1.5,1.0,0.0199999999999999,0.03,60000,60,0.495
PHASE1__Ma8_Kn0.33_ISO_hphs1.5_Tw1,8.0,0.33,ISO,1.5,1.0,0.0199999999999999,0.03,60000,60,0.495
PHASE1__Ma8_Kn0.8_BWD_hphs1.5_Tw1,8.0,0.8,BWD,1.5,1.0,0.0199999999999999,0.03,60000,60,1.2000000000000002
PHASE1__Ma8_Kn0.8_FWD_hphs1.5_Tw1,8.0,0.8,FWD,1.5,1.0,0.0199999999999999,0.03,60000,60,1.2000000000000002
PHASE1__Ma8_Kn0.8_ISO_hphs1.5_Tw1,8.0,0.8,ISO,1.5,1.0,0.0199999999999999,0.03,60000,60,1.2000000000000002
