physical_key,n_raw_records,n_unique_field_crc_size,phases,case_ids,is_exact_duplicate_group,has_possible_independent_replicates
Ma6_Kn0.1_BWD_hphs1.5_Tw1,3,1,"PHASE1,PHASE2,PHASE3",PHASE1__Ma6_Kn0.1_BWD_hphs1.5_Tw1;PHASE2__Ma6_Kn0.1_BWD_hphs1.5_Tw1;PHASE3__Ma6_Kn0.1_BWD_hphs1.5_Tw1,True,False
Ma6_Kn0.1_FWD_hphs1.5_Tw1,3,1,"PHASE1,PHASE2,PHASE3",PHASE1__Ma6_Kn0.1_FWD_hphs1.5_Tw1;PHASE2__Ma6_Kn0.1_FWD_hphs1.5_Tw1;PHASE3__Ma6_Kn0.1_FWD_hphs1.5_Tw1,True,False
Ma6_Kn0.1_ISO_hphs1.5_Tw1,3,1,"PHASE1,PHASE2,PHASE3",PHASE1__Ma6_Kn0.1_ISO_hphs1.5_Tw1;PHASE2__Ma6_Kn0.1_ISO_hphs1.5_Tw1;PHASE3__Ma6_Kn0.1_ISO_hphs1.5_Tw1,True,False
Ma6_Kn0.33_BWD_hphs1.5_Tw1,3,1,"PHASE1,PHASE2,PHASE3",PHASE1__Ma6_Kn0.33_BWD_hphs1.5_Tw1;PHASE2__Ma6_Kn0.33_BWD_hphs1.5_Tw1;PHASE3__Ma6_Kn0.33_BWD_hphs1.5_Tw1,True,False
Ma6_Kn0.33_FWD_hphs1.5_Tw1,3,1,"PHASE1,PHASE2,PHASE3",PHASE1__Ma6_Kn0.33_FWD_hphs1.5_Tw1;PHASE2__Ma6_Kn0.33_FWD_hphs1.5_Tw1;PHASE3__Ma6_Kn0.33_FWD_hphs1.5_Tw1,True,False
Ma6_Kn0.33_ISO_hphs1.5_Tw1,3,1,"PHASE1,PHASE2,PHASE3",PHASE1__Ma6_Kn0.33_ISO_hphs1.5_Tw1;PHASE2__Ma6_Kn0.33_ISO_hphs1.5_Tw1;PHASE3__Ma6_Kn0.33_ISO_hphs1.5_Tw1,True,False
Ma4_Kn0.1_BWD_hphs1.5_Tw1,1,1,PHASE1,PHASE1__Ma4_Kn0.1_BWD_hphs1.5_Tw1,False,False
Ma4_Kn0.1_FWD_hphs1.5_Tw1,1,1,PHASE1,PHASE1__Ma4_Kn0.1_FWD_hphs1.5_Tw1,False,False
Ma4_Kn0.1_ISO_hphs1.5_Tw1,1,1,PHASE1,PHASE1__Ma4_Kn0.1_ISO_hphs1.5_Tw1,False,False
Ma4_Kn0.33_BWD_hphs1.5_Tw1,1,1,PHASE1,PHASE1__Ma4_Kn0.33_BWD_hphs1.5_Tw1,False,False
Ma4_Kn0.33_FWD_hphs1.5_Tw1,1,1,PHASE1,PHASE1__Ma4_Kn0.33_FWD_hphs1.5_Tw1,False,False
Ma4_Kn0.33_ISO_hphs1.5_Tw1,1,1,PHASE1,PHASE1__Ma4_Kn0.33_ISO_hphs1.5_Tw1,False,False
Ma4_Kn0.8_BWD_hphs1.5_Tw1,1,1,PHASE1,PHASE1__Ma4_Kn0.8_BWD_hphs1.5_Tw1,False,False
Ma4_Kn0.8_FWD_hphs1.5_Tw1,1,1,PHASE1,PHASE1__Ma4_Kn0.8_FWD_hphs1.5_Tw1,False,False
Ma4_Kn0.8_ISO_hphs1.5_Tw1,1,1,PHASE1,PHASE1__Ma4_Kn0.8_ISO_hphs1.5_Tw1,False,False
Ma6_Kn0.1_BWD_hphs1.25_Tw1,1,1,PHASE2,PHASE2__Ma6_Kn0.1_BWD_hphs1.25_Tw1,False,False
Ma6_Kn0.1_BWD_hphs1.5_Tw2,1,1,PHASE3,PHASE3__Ma6_Kn0.1_BWD_hphs1.5_Tw2,False,False
Ma6_Kn0.1_BWD_hphs1.5_Tw4,1,1,PHASE3,PHASE3__Ma6_Kn0.1_BWD_hphs1.5_Tw4,False,False
Ma6_Kn0.1_BWD_hphs1_Tw1,1,1,PHASE2,PHASE2__Ma6_Kn0.1_BWD_hphs1_Tw1,False,False
Ma6_Kn0.1_BWD_hphs2_Tw1,1,1,PHASE2,PHASE2__Ma6_Kn0.1_BWD_hphs2_Tw1,False,False
Ma6_Kn0.1_FWD_hphs1.25_Tw1,1,1,PHASE2,PHASE2__Ma6_Kn0.1_FWD_hphs1.25_Tw1,False,False
Ma6_Kn0.1_FWD_hphs1.5_Tw2,1,1,PHASE3,PHASE3__Ma6_Kn0.1_FWD_hphs1.5_Tw2,False,False
Ma6_Kn0.1_FWD_hphs1.5_Tw4,1,1,PHASE3,PHASE3__Ma6_Kn0.1_FWD_hphs1.5_Tw4,False,False
Ma6_Kn0.1_FWD_hphs1_Tw1,1,1,PHASE2,PHASE2__Ma6_Kn0.1_FWD_hphs1_Tw1,False,False
Ma6_Kn0.1_FWD_hphs2_Tw1,1,1,PHASE2,PHASE2__Ma6_Kn0.1_FWD_hphs2_Tw1,False,False
Ma6_Kn0.1_ISO_hphs1.25_Tw1,1,1,PHASE2,PHASE2__Ma6_Kn0.1_ISO_hphs1.25_Tw1,False,False
Ma6_Kn0.1_ISO_hphs1.5_Tw2,1,1,PHASE3,PHASE3__Ma6_Kn0.1_ISO_hphs1.5_Tw2,False,False
Ma6_Kn0.1_ISO_hphs1.5_Tw4,1,1,PHASE3,PHASE3__Ma6_Kn0.1_ISO_hphs1.5_Tw4,False,False
Ma6_Kn0.1_ISO_hphs1_Tw1,1,1,PHASE2,PHASE2__Ma6_Kn0.1_ISO_hphs1_Tw1,False,False
Ma6_Kn0.1_ISO_hphs2_Tw1,1,1,PHASE2,PHASE2__Ma6_Kn0.1_ISO_hphs2_Tw1,False,False
Ma6_Kn0.33_BWD_hphs1.25_Tw1,1,1,PHASE2,PHASE2__Ma6_Kn0.33_BWD_hphs1.25_Tw1,False,False
Ma6_Kn0.33_BWD_hphs1.5_Tw2,1,1,PHASE3,PHASE3__Ma6_Kn0.33_BWD_hphs1.5_Tw2,False,False
Ma6_Kn0.33_BWD_hphs1.5_Tw4,1,1,PHASE3,PHASE3__Ma6_Kn0.33_BWD_hphs1.5_Tw4,False,False
Ma6_Kn0.33_BWD_hphs1_Tw1,1,1,PHASE2,PHASE2__Ma6_Kn0.33_BWD_hphs1_Tw1,False,False
Ma6_Kn0.33_BWD_hphs2_Tw1,1,1,PHASE2,PHASE2__Ma6_Kn0.33_BWD_hphs2_Tw1,False,False
Ma6_Kn0.33_FWD_hphs1.25_Tw1,1,1,PHASE2,PHASE2__Ma6_Kn0.33_FWD_hphs1.25_Tw1,False,False
Ma6_Kn0.33_FWD_hphs1.5_Tw2,1,1,PHASE3,PHASE3__Ma6_Kn0.33_FWD_hphs1.5_Tw2,False,False
Ma6_Kn0.33_FWD_hphs1.5_Tw4,1,1,PHASE3,PHASE3__Ma6_Kn0.33_FWD_hphs1.5_Tw4,False,False
Ma6_Kn0.33_FWD_hphs1_Tw1,1,1,PHASE2,PHASE2__Ma6_Kn0.33_FWD_hphs1_Tw1,False,False
Ma6_Kn0.33_FWD_hphs2_Tw1,1,1,PHASE2,PHASE2__Ma6_Kn0.33_FWD_hphs2_Tw1,False,False
Ma6_Kn0.33_ISO_hphs1.25_Tw1,1,1,PHASE2,PHASE2__Ma6_Kn0.33_ISO_hphs1.25_Tw1,False,False
Ma6_Kn0.33_ISO_hphs1.5_Tw2,1,1,PHASE3,PHASE3__Ma6_Kn0.33_ISO_hphs1.5_Tw2,False,False
Ma6_Kn0.33_ISO_hphs1.5_Tw4,1,1,PHASE3,PHASE3__Ma6_Kn0.33_ISO_hphs1.5_Tw4,False,False
Ma6_Kn0.33_ISO_hphs1_Tw1,1,1,PHASE2,PHASE2__Ma6_Kn0.33_ISO_hphs1_Tw1,False,False
Ma6_Kn0.33_ISO_hphs2_Tw1,1,1,PHASE2,PHASE2__Ma6_Kn0.33_ISO_hphs2_Tw1,False,False
Ma6_Kn0.8_BWD_hphs1.5_Tw1,1,1,PHASE1,PHASE1__Ma6_Kn0.8_BWD_hphs1.5_Tw1,False,False
Ma6_Kn0.8_FWD_hphs1.5_Tw1,1,1,PHASE1,PHASE1__Ma6_Kn0.8_FWD_hphs1.5_Tw1,False,False
Ma6_Kn0.8_ISO_hphs1.5_Tw1,1,1,PHASE1,PHASE1__Ma6_Kn0.8_ISO_hphs1.5_Tw1,False,False
Ma8_Kn0.1_BWD_hphs1.5_Tw1,1,1,PHASE1,PHASE1__Ma8_Kn0.1_BWD_hphs1.5_Tw1,False,False
Ma8_Kn0.1_FWD_hphs1.5_Tw1,1,1,PHASE1,PHASE1__Ma8_Kn0.1_FWD_hphs1.5_Tw1,False,False
Ma8_Kn0.1_ISO_hphs1.5_Tw1,1,1,PHASE1,PHASE1__Ma8_Kn0.1_ISO_hphs1.5_Tw1,False,False
Ma8_Kn0.33_BWD_hphs1.5_Tw1,1,1,PHASE1,PHASE1__Ma8_Kn0.33_BWD_hphs1.5_Tw1,False,False
Ma8_Kn0.33_FWD_hphs1.5_Tw1,1,1,PHASE1,PHASE1__Ma8_Kn0.33_FWD_hphs1.5_Tw1,False,False
Ma8_Kn0.33_ISO_hphs1.5_Tw1,1,1,PHASE1,PHASE1__Ma8_Kn0.33_ISO_hphs1.5_Tw1,False,False
Ma8_Kn0.8_BWD_hphs1.5_Tw1,1,1,PHASE1,PHASE1__Ma8_Kn0.8_BWD_hphs1.5_Tw1,False,False
Ma8_Kn0.8_FWD_hphs1.5_Tw1,1,1,PHASE1,PHASE1__Ma8_Kn0.8_FWD_hphs1.5_Tw1,False,False
Ma8_Kn0.8_ISO_hphs1.5_Tw1,1,1,PHASE1,PHASE1__Ma8_Kn0.8_ISO_hphs1.5_Tw1,False,False
