config,target,Ma,Kn,geom,relL2,rangeMAE_pct
R0p05,Cp,4.0,0.1,BWD,0.16480551009206232,7.606160827663803
R0p05,Cp,4.0,0.1,FWD,0.16550870253020783,6.804343827899867
R0p05,Cp,4.0,0.1,ISO,0.09668738134420829,4.50895928366514
R0p05,Cp,4.0,0.33,BWD,0.31015442253229353,13.484262258618857
R0p05,Cp,4.0,0.33,FWD,0.3495836436053816,12.820287661310939
R0p05,Cp,4.0,0.33,ISO,0.21686138121925802,8.893996639282289
R0p05,Cp,4.0,0.8,BWD,0.7575152395568069,29.191560289124443
R0p05,Cp,4.0,0.8,FWD,0.5847953807823918,19.53501787890321
R0p05,Cp,4.0,0.8,ISO,0.4029890697683331,13.809508482398957
R0p05,Cp,6.0,0.1,BWD,0.05139049716326123,1.5606763299870468
R0p05,Cp,6.0,0.1,FWD,0.07058371479716698,2.250475864259962
R0p05,Cp,6.0,0.1,ISO,0.039429891865127756,1.4643649500427642
R0p05,Cp,6.0,0.33,BWD,0.17925776073569502,7.33743030538839
R0p05,Cp,6.0,0.33,FWD,0.12286501874658763,4.463524058677099
R0p05,Cp,6.0,0.33,ISO,0.09243763340150181,2.3745862703544294
R0p05,Cp,6.0,0.8,BWD,0.3365741166656557,13.300992755659198
R0p05,Cp,6.0,0.8,FWD,0.21272744800209817,6.252902052876113
R0p05,Cp,6.0,0.8,ISO,0.1870011952969261,5.91424452500221
R0p05,Cp,8.0,0.1,BWD,0.20405528732244632,8.84747405281543
R0p05,Cp,8.0,0.1,FWD,0.24897693391620285,8.411328124499468
R0p05,Cp,8.0,0.1,ISO,0.17326691723889748,6.599221875290431
R0p05,Cp,8.0,0.33,BWD,0.1377157791994193,5.392583391345127
R0p05,Cp,8.0,0.33,FWD,0.04823261858969308,1.454249210451831
R0p05,Cp,8.0,0.33,ISO,0.04944552044590126,1.5443515400156713
R0p05,Cp,8.0,0.8,BWD,0.1919940646612249,7.4882842891892585
R0p05,Cp,8.0,0.8,FWD,0.03533442073934546,1.0561689989257106
R0p05,Cp,8.0,0.8,ISO,0.09585883515143434,1.6371183958272542
R0p05,Cq,4.0,0.1,BWD,0.3230020745473372,10.702255780112012
R0p05,Cq,4.0,0.1,FWD,0.26270870669003243,6.594045390121327
R0p05,Cq,4.0,0.1,ISO,0.1674289591106881,4.734043517667298
R0p05,Cq,4.0,0.33,BWD,0.36438755629888164,13.164525066623645
R0p05,Cq,4.0,0.33,FWD,0.49467432107343273,10.081105808903851
R0p05,Cq,4.0,0.33,ISO,0.20281903365605775,5.712516313600613
R0p05,Cq,4.0,0.8,BWD,0.8173464198264949,29.62575687021488
R0p05,Cq,4.0,0.8,FWD,0.5502331074023648,12.099236041724224
R0p05,Cq,4.0,0.8,ISO,0.3517024509027919,8.587276700533636
R0p05,Cq,6.0,0.1,BWD,0.1271248020430907,3.308708852549328
R0p05,Cq,6.0,0.1,FWD,0.1731446684498256,3.1857372797630905
R0p05,Cq,6.0,0.1,ISO,0.08257015594338378,1.8905572834757338
R0p05,Cq,6.0,0.33,BWD,0.25035376567438017,8.982117619836725
R0p05,Cq,6.0,0.33,FWD,0.2067019548702044,3.414016892876619
R0p05,Cq,6.0,0.33,ISO,0.1247526505168631,2.4210574343915723
R0p05,Cq,6.0,0.8,BWD,0.4286460403862981,15.923421817541279
R0p05,Cq,6.0,0.8,FWD,0.4076134942102593,5.135540648134819
R0p05,Cq,6.0,0.8,ISO,0.2520060733856915,4.8543344531375014
R0p05,Cq,8.0,0.1,BWD,0.15389020967226869,4.607624799467326
R0p05,Cq,8.0,0.1,FWD,0.3652014000663417,3.837879179761749
R0p05,Cq,8.0,0.1,ISO,0.22480756302371835,4.298902890536383
R0p05,Cq,8.0,0.33,BWD,0.06935536997833563,2.257034874698988
R0p05,Cq,8.0,0.33,FWD,0.10694181641908934,1.8377884929081967
R0p05,Cq,8.0,0.33,ISO,0.1497141389249389,3.6123243599298536
R0p05,Cq,8.0,0.8,BWD,0.1674291140837081,5.629211479806597
R0p05,Cq,8.0,0.8,FWD,0.06376306038998496,1.4107040623950886
R0p05,Cq,8.0,0.8,ISO,0.10921930806046178,2.7563000133173707
R0p05,tau_abs,4.0,0.1,BWD,0.10986160261500949,2.129543691099038
R0p05,tau_abs,4.0,0.1,FWD,0.5335978497779313,13.861694158750955
R0p05,tau_abs,4.0,0.1,ISO,0.24240508908692396,3.5270838753448417
R0p05,tau_abs,4.0,0.33,BWD,0.2311914785737863,4.873761332571735
R0p05,tau_abs,4.0,0.33,FWD,0.5821553738918718,28.452771152071083
R0p05,tau_abs,4.0,0.33,ISO,0.383183644074368,5.401622729179706
R0p05,tau_abs,4.0,0.8,BWD,0.7799198051277368,17.613587721391575
R0p05,tau_abs,4.0,0.8,FWD,0.3892885016907399,16.172103273465154
R0p05,tau_abs,4.0,0.8,ISO,0.9518907565002063,14.922957606998752
R0p05,tau_abs,6.0,0.1,BWD,0.2379668500064949,2.7297102021164372
R0p05,tau_abs,6.0,0.1,FWD,0.2877972871213533,6.86407348823942
R0p05,tau_abs,6.0,0.1,ISO,0.28904950417655567,3.2479507223878077
R0p05,tau_abs,6.0,0.33,BWD,0.12223056014994427,2.386807882678522
R0p05,tau_abs,6.0,0.33,FWD,0.2774008774606701,8.154186644770855
R0p05,tau_abs,6.0,0.33,ISO,0.21315483278484176,3.4651006711500836
R0p05,tau_abs,6.0,0.8,BWD,0.3248031122909379,6.108218260939844
R0p05,tau_abs,6.0,0.8,FWD,0.24827280570580068,7.43223433344563
R0p05,tau_abs,6.0,0.8,ISO,0.5119302404273146,8.577517408678588
R0p05,tau_abs,8.0,0.1,BWD,0.4030145068945778,5.248391800100725
R0p05,tau_abs,8.0,0.1,FWD,0.4852737595927505,15.220666291704626
R0p05,tau_abs,8.0,0.1,ISO,0.4768233157514843,4.733050774850212
R0p05,tau_abs,8.0,0.33,BWD,0.1565263795728699,3.4976538160934774
R0p05,tau_abs,8.0,0.33,FWD,0.36275100939773414,8.05383446421495
R0p05,tau_abs,8.0,0.33,ISO,0.246245208811081,3.6703832219742423
R0p05,tau_abs,8.0,0.8,BWD,0.1182915397743498,3.2178358157039804
R0p05,tau_abs,8.0,0.8,FWD,0.20401387993577816,9.48921612468299
R0p05,tau_abs,8.0,0.8,ISO,0.19575545885017828,3.665343707223372
R0p10,Cp,4.0,0.1,BWD,0.15971201935447646,7.525668670820809
R0p10,Cp,4.0,0.1,FWD,0.17935122178672405,7.145044519843355
R0p10,Cp,4.0,0.1,ISO,0.09665414580947632,4.373072780020196
R0p10,Cp,4.0,0.33,BWD,0.31973705623100945,14.01642419543913
R0p10,Cp,4.0,0.33,FWD,0.2848280939595707,10.666652810688424
R0p10,Cp,4.0,0.33,ISO,0.18259669285852043,7.393211767404328
R0p10,Cp,4.0,0.8,BWD,0.7433186725195433,28.891457083832623
R0p10,Cp,4.0,0.8,FWD,0.6237642223538562,20.956297119066388
R0p10,Cp,4.0,0.8,ISO,0.3529875954889794,12.680793196861357
R0p10,Cp,6.0,0.1,BWD,0.06351086437869773,2.2235903864042066
R0p10,Cp,6.0,0.1,FWD,0.039658286389121146,1.0615707623924473
R0p10,Cp,6.0,0.1,ISO,0.02494072499978992,0.9534724316949899
R0p10,Cp,6.0,0.33,BWD,0.16847249272107065,6.789759933119873
R0p10,Cp,6.0,0.33,FWD,0.10002092190594565,3.692520803574749
R0p10,Cp,6.0,0.33,ISO,0.05703576988495441,1.8493289189193438
R0p10,Cp,6.0,0.8,BWD,0.34683248699030383,13.920631454141974
R0p10,Cp,6.0,0.8,FWD,0.2187340399917442,6.6638427101518145
R0p10,Cp,6.0,0.8,ISO,0.16294294413054392,5.316374721043945
R0p10,Cp,8.0,0.1,BWD,0.2070597055866934,8.91097425752495
R0p10,Cp,8.0,0.1,FWD,0.2462088821049369,8.565372402595647
R0p10,Cp,8.0,0.1,ISO,0.16400713090974312,6.517124711639222
R0p10,Cp,8.0,0.33,BWD,0.10918101561743036,4.018555793831182
R0p10,Cp,8.0,0.33,FWD,0.05914888623428236,1.7773980486817706
R0p10,Cp,8.0,0.33,ISO,0.044029632206430476,1.4568832054599021
R0p10,Cp,8.0,0.8,BWD,0.23825400420167364,9.612007659145869
R0p10,Cp,8.0,0.8,FWD,0.0706059218844121,1.7267607552420292
R0p10,Cp,8.0,0.8,ISO,0.048853941032838855,0.903693418291061
R0p10,Cq,4.0,0.1,BWD,0.25853199617136574,9.024423239241653
R0p10,Cq,4.0,0.1,FWD,0.24478713189511897,5.839763800318261
R0p10,Cq,4.0,0.1,ISO,0.13328140448060308,3.6918503630599298
R0p10,Cq,4.0,0.33,BWD,0.3248522020005003,12.142435906855257
R0p10,Cq,4.0,0.33,FWD,0.36820117016944237,7.744824914467151
R0p10,Cq,4.0,0.33,ISO,0.1679932534548891,4.915250392394926
R0p10,Cq,4.0,0.8,BWD,0.6658633838950938,24.296300628460717
R0p10,Cq,4.0,0.8,FWD,0.4952587137250418,10.956702182773833
R0p10,Cq,4.0,0.8,ISO,0.33472643615453235,8.686991995836824
R0p10,Cq,6.0,0.1,BWD,0.12068354158370498,3.4557488849314195
R0p10,Cq,6.0,0.1,FWD,0.14542199519465238,2.98124276589415
R0p10,Cq,6.0,0.1,ISO,0.05401587718554895,1.3573840279803941
R0p10,Cq,6.0,0.33,BWD,0.2232957655316229,7.905228846229783
R0p10,Cq,6.0,0.33,FWD,0.18421187186782031,3.155667588278223
R0p10,Cq,6.0,0.33,ISO,0.10634841821948719,2.100487670109283
R0p10,Cq,6.0,0.8,BWD,0.3796004834010792,13.99649724550153
R0p10,Cq,6.0,0.8,FWD,0.3543460295123334,5.435244554260704
R0p10,Cq,6.0,0.8,ISO,0.2006743063673058,3.543468166570786
R0p10,Cq,8.0,0.1,BWD,0.1784670311178026,5.348623840416523
R0p10,Cq,8.0,0.1,FWD,0.33203045554296495,3.612709443099963
R0p10,Cq,8.0,0.1,ISO,0.20573478869128503,4.048698589505951
R0p10,Cq,8.0,0.33,BWD,0.05405520068655087,1.5864495569132837
R0p10,Cq,8.0,0.33,FWD,0.11935336976226409,1.87611888742615
R0p10,Cq,8.0,0.33,ISO,0.09242777775238428,2.236357159705393
R0p10,Cq,8.0,0.8,BWD,0.16430025687250602,6.05709307187706
R0p10,Cq,8.0,0.8,FWD,0.1502661106057739,2.226360276860948
R0p10,Cq,8.0,0.8,ISO,0.09613799521552638,2.2088413586782925
R0p10,tau_abs,4.0,0.1,BWD,0.14715495689206948,2.3049393787032204
R0p10,tau_abs,4.0,0.1,FWD,0.5071089548842832,13.23471407838864
R0p10,tau_abs,4.0,0.1,ISO,0.2432284414573649,3.2151737101029445
R0p10,tau_abs,4.0,0.33,BWD,0.23428482960621141,4.435361572712286
R0p10,tau_abs,4.0,0.33,FWD,0.5478588602069532,25.127737199958545
R0p10,tau_abs,4.0,0.33,ISO,0.2915840574118868,4.499632912387178
R0p10,tau_abs,4.0,0.8,BWD,0.6307819416056509,13.642654133496505
R0p10,tau_abs,4.0,0.8,FWD,0.31688811170379605,13.610750033628168
R0p10,tau_abs,4.0,0.8,ISO,0.9381676163867859,14.38671512076416
R0p10,tau_abs,6.0,0.1,BWD,0.20319194807259722,2.344887557726696
R0p10,tau_abs,6.0,0.1,FWD,0.2508989021028326,5.9108756553563016
R0p10,tau_abs,6.0,0.1,ISO,0.25059269124413747,2.691143822134079
R0p10,tau_abs,6.0,0.33,BWD,0.07576021146315054,1.1287836887463154
R0p10,tau_abs,6.0,0.33,FWD,0.27168400871091175,8.273934678460899
R0p10,tau_abs,6.0,0.33,ISO,0.20145899428076838,3.0239971314308414
R0p10,tau_abs,6.0,0.8,BWD,0.3326644188607612,4.606517427330989
R0p10,tau_abs,6.0,0.8,FWD,0.2829058133106504,9.002800232336025
R0p10,tau_abs,6.0,0.8,ISO,0.4579129884582247,7.416340975990911
R0p10,tau_abs,8.0,0.1,BWD,0.39363848653846567,5.170192335742299
R0p10,tau_abs,8.0,0.1,FWD,0.4915107844401471,15.176908738525766
R0p10,tau_abs,8.0,0.1,ISO,0.4867124394367978,5.050638046692849
R0p10,tau_abs,8.0,0.33,BWD,0.1438736756923917,3.317083059672929
R0p10,tau_abs,8.0,0.33,FWD,0.3282551505826951,8.489887072273742
R0p10,tau_abs,8.0,0.33,ISO,0.1692549780778506,2.818068907211115
R0p10,tau_abs,8.0,0.8,BWD,0.11624486344117557,3.013089394573617
R0p10,tau_abs,8.0,0.8,FWD,0.21855143779872452,9.550834873257703
R0p10,tau_abs,8.0,0.8,ISO,0.21941495676176934,3.6020236678745623
R0p20,Cp,4.0,0.1,BWD,0.11904182915132393,5.517304846545813
R0p20,Cp,4.0,0.1,FWD,0.17175129146495552,6.815045600940498
R0p20,Cp,4.0,0.1,ISO,0.059087569225786576,2.498127031459452
R0p20,Cp,4.0,0.33,BWD,0.2513081414940399,10.881811545063956
R0p20,Cp,4.0,0.33,FWD,0.2465749622573641,9.295162950608963
R0p20,Cp,4.0,0.33,ISO,0.18703277416461378,7.70441262127744
R0p20,Cp,4.0,0.8,BWD,0.7138324486509738,27.99709311152583
R0p20,Cp,4.0,0.8,FWD,0.6181272544621381,20.640784167994724
R0p20,Cp,4.0,0.8,ISO,0.3331276102422191,11.956356979600788
R0p20,Cp,6.0,0.1,BWD,0.05789944539513637,1.392951580255213
R0p20,Cp,6.0,0.1,FWD,0.053171802728893124,1.2564244145217232
R0p20,Cp,6.0,0.1,ISO,0.02056410275135326,0.8207977555315732
R0p20,Cp,6.0,0.33,BWD,0.1639068376910259,7.094675498013507
R0p20,Cp,6.0,0.33,FWD,0.10596856567815846,3.9399811338869344
R0p20,Cp,6.0,0.33,ISO,0.06310109580930906,2.517586779254188
R0p20,Cp,6.0,0.8,BWD,0.38381345813614565,15.583948627068834
R0p20,Cp,6.0,0.8,FWD,0.2120086467297031,6.747527845221904
R0p20,Cp,6.0,0.8,ISO,0.12276464893166249,4.429610567326122
R0p20,Cp,8.0,0.1,BWD,0.19240768563600172,8.44185119510428
R0p20,Cp,8.0,0.1,FWD,0.25080735452852104,8.973120291249161
R0p20,Cp,8.0,0.1,ISO,0.16433958346836386,6.191792737828454
R0p20,Cp,8.0,0.33,BWD,0.13295261687972004,5.069476252864749
R0p20,Cp,8.0,0.33,FWD,0.037068042131474355,1.3195385141804425
R0p20,Cp,8.0,0.33,ISO,0.03640824538161341,1.1671439763509157
R0p20,Cp,8.0,0.8,BWD,0.27800932368525816,11.517015990678617
R0p20,Cp,8.0,0.8,FWD,0.09545575419730361,2.5008882730153323
R0p20,Cp,8.0,0.8,ISO,0.0558243647698491,1.5250717807634397
R0p20,Cq,4.0,0.1,BWD,0.20097967484255674,7.1139618625022525
R0p20,Cq,4.0,0.1,FWD,0.23234754600390306,5.578369227593393
R0p20,Cq,4.0,0.1,ISO,0.09634441066410569,2.858693475521116
R0p20,Cq,4.0,0.33,BWD,0.2436799966712634,9.091208245404482
R0p20,Cq,4.0,0.33,FWD,0.2283545083767497,5.816154863856324
R0p20,Cq,4.0,0.33,ISO,0.09586625142709508,3.2686635038099707
R0p20,Cq,4.0,0.8,BWD,0.5985064457279216,23.516473461374854
R0p20,Cq,4.0,0.8,FWD,0.44331185753225205,10.350725943845427
R0p20,Cq,4.0,0.8,ISO,0.18421854736435245,5.6951406483457125
R0p20,Cq,6.0,0.1,BWD,0.08435901951468643,2.3781837670290558
R0p20,Cq,6.0,0.1,FWD,0.13424114037671656,2.0735173111669236
R0p20,Cq,6.0,0.1,ISO,0.04121930240886464,0.8863892934879525
R0p20,Cq,6.0,0.33,BWD,0.16592030138467576,6.218944070524078
R0p20,Cq,6.0,0.33,FWD,0.1213638912567877,2.3984477254419483
R0p20,Cq,6.0,0.33,ISO,0.048967728435000815,1.2604323235271557
R0p20,Cq,6.0,0.8,BWD,0.3582673748610746,13.454688755161683
R0p20,Cq,6.0,0.8,FWD,0.4064966009260106,6.052746076090236
R0p20,Cq,6.0,0.8,ISO,0.14846407885760757,3.6735598593369176
R0p20,Cq,8.0,0.1,BWD,0.16553304707600366,4.989672856501372
R0p20,Cq,8.0,0.1,FWD,0.30039365926658235,3.120546490347123
R0p20,Cq,8.0,0.1,ISO,0.18352619769286685,3.721244623050257
R0p20,Cq,8.0,0.33,BWD,0.04963952383770332,1.3135239991712524
R0p20,Cq,8.0,0.33,FWD,0.06713227509783028,0.9980291516928339
R0p20,Cq,8.0,0.33,ISO,0.0642748821905329,1.6805307812295707
R0p20,Cq,8.0,0.8,BWD,0.16862603550238753,6.000728645634907
R0p20,Cq,8.0,0.8,FWD,0.20676659527077929,3.056930967088253
R0p20,Cq,8.0,0.8,ISO,0.10203448993076368,2.915721116695424
R0p20,tau_abs,4.0,0.1,BWD,0.258245201311016,3.3727097080129735
R0p20,tau_abs,4.0,0.1,FWD,0.5053782602976522,14.213664526456661
R0p20,tau_abs,4.0,0.1,ISO,0.31180107693572234,3.5531566327879385
R0p20,tau_abs,4.0,0.33,BWD,0.17704309057828688,2.9315949513517565
R0p20,tau_abs,4.0,0.33,FWD,0.5576350302126283,27.9389569662394
R0p20,tau_abs,4.0,0.33,ISO,0.23823448621613286,3.8334613720938133
R0p20,tau_abs,4.0,0.8,BWD,0.500722519779943,11.733899504839362
R0p20,tau_abs,4.0,0.8,FWD,0.2846247069067322,14.12219843933824
R0p20,tau_abs,4.0,0.8,ISO,0.7727306390690801,13.393063813123955
R0p20,tau_abs,6.0,0.1,BWD,0.24108291203371757,2.942314125740396
R0p20,tau_abs,6.0,0.1,FWD,0.31940596456457154,7.379926478178843
R0p20,tau_abs,6.0,0.1,ISO,0.29559938403823643,3.0708028057274617
R0p20,tau_abs,6.0,0.33,BWD,0.07460963647915594,1.3141153239936876
R0p20,tau_abs,6.0,0.33,FWD,0.3158828151335179,10.286085176060544
R0p20,tau_abs,6.0,0.33,ISO,0.17082248263069016,2.7918077969174577
R0p20,tau_abs,6.0,0.8,BWD,0.2747823448786926,4.734321773145989
R0p20,tau_abs,6.0,0.8,FWD,0.2131923033827126,8.32292624561183
R0p20,tau_abs,6.0,0.8,ISO,0.3972165899552607,6.777382397508018
R0p20,tau_abs,8.0,0.1,BWD,0.3741318269653743,4.930392264949292
R0p20,tau_abs,8.0,0.1,FWD,0.47630257645111557,14.79675668597782
R0p20,tau_abs,8.0,0.1,ISO,0.4502119040569003,4.816644965066001
R0p20,tau_abs,8.0,0.33,BWD,0.1475696519495951,3.582778627441737
R0p20,tau_abs,8.0,0.33,FWD,0.3142716552351952,9.039060447767486
R0p20,tau_abs,8.0,0.33,ISO,0.16283127206111686,2.6958808619789507
R0p20,tau_abs,8.0,0.8,BWD,0.1588701936348099,4.600073055964106
R0p20,tau_abs,8.0,0.8,FWD,0.24138632545661892,11.067169065528935
R0p20,tau_abs,8.0,0.8,ISO,0.26610561005460764,4.451819554807772
R0p35,Cp,4.0,0.1,BWD,0.14840280388003138,6.818958394896094
R0p35,Cp,4.0,0.1,FWD,0.15777364237142077,6.505715064760059
R0p35,Cp,4.0,0.1,ISO,0.045281620932933184,2.0252950958153484
R0p35,Cp,4.0,0.33,BWD,0.3229272736716999,14.184263561647416
R0p35,Cp,4.0,0.33,FWD,0.28709968209328246,10.746705645612105
R0p35,Cp,4.0,0.33,ISO,0.1247366035766991,5.219056633586086
R0p35,Cp,4.0,0.8,BWD,0.7271811578197406,28.678124112449368
R0p35,Cp,4.0,0.8,FWD,0.5862926215622997,19.756020575133636
R0p35,Cp,4.0,0.8,ISO,0.37154510327320206,13.486357083380517
R0p35,Cp,6.0,0.1,BWD,0.051540318157939205,1.376449160911646
R0p35,Cp,6.0,0.1,FWD,0.05853218628016227,1.955934643869962
R0p35,Cp,6.0,0.1,ISO,0.031673883171547755,1.0214044134330853
R0p35,Cp,6.0,0.33,BWD,0.17324846539774674,7.42686332219775
R0p35,Cp,6.0,0.33,FWD,0.09234371458668486,3.188017818183641
R0p35,Cp,6.0,0.33,ISO,0.07392983640635191,2.953244449497837
R0p35,Cp,6.0,0.8,BWD,0.36861922666546615,15.043153088586704
R0p35,Cp,6.0,0.8,FWD,0.225913525925338,7.44710635783233
R0p35,Cp,6.0,0.8,ISO,0.12742831431735807,4.574983678050765
R0p35,Cp,8.0,0.1,BWD,0.21195362686426258,8.96158289360952
R0p35,Cp,8.0,0.1,FWD,0.2653915429578781,9.593204534641668
R0p35,Cp,8.0,0.1,ISO,0.1550835981693491,6.049959273770005
R0p35,Cp,8.0,0.33,BWD,0.12248092970718188,4.964327927656664
R0p35,Cp,8.0,0.33,FWD,0.0418029335479101,1.3592562481463901
R0p35,Cp,8.0,0.33,ISO,0.042193596633916024,1.4029964503140027
R0p35,Cp,8.0,0.8,BWD,0.2904529795198042,12.057920258447904
R0p35,Cp,8.0,0.8,FWD,0.09942018282945718,3.0975752588696075
R0p35,Cp,8.0,0.8,ISO,0.06144182726931634,1.6200464414525082
R0p35,Cq,4.0,0.1,BWD,0.15045933189685,5.2471731401128245
R0p35,Cq,4.0,0.1,FWD,0.28173379215273076,6.177135748853105
R0p35,Cq,4.0,0.1,ISO,0.08035115570158835,2.438966536467764
R0p35,Cq,4.0,0.33,BWD,0.16246219426027023,6.259599355663261
R0p35,Cq,4.0,0.33,FWD,0.21622639596535825,5.5496994307237015
R0p35,Cq,4.0,0.33,ISO,0.07556969398027355,2.512439183105443
R0p35,Cq,4.0,0.8,BWD,0.49127940151339455,20.032669573283986
R0p35,Cq,4.0,0.8,FWD,0.4104633559758777,10.25000080473645
R0p35,Cq,4.0,0.8,ISO,0.17466729939606754,5.957808582735663
R0p35,Cq,6.0,0.1,BWD,0.05290593078368939,1.2329096366251875
R0p35,Cq,6.0,0.1,FWD,0.18571373368877067,2.6103596588818263
R0p35,Cq,6.0,0.1,ISO,0.04611157503672834,0.9814130737896086
R0p35,Cq,6.0,0.33,BWD,0.09258944967640068,3.3692461106093554
R0p35,Cq,6.0,0.33,FWD,0.11884983015972887,2.3308832225830547
R0p35,Cq,6.0,0.33,ISO,0.05084118080730785,1.2957865312506123
R0p35,Cq,6.0,0.8,BWD,0.29175555080294546,10.761231706850188
R0p35,Cq,6.0,0.8,FWD,0.3073488550343362,5.2788863480235815
R0p35,Cq,6.0,0.8,ISO,0.12184296494553777,2.7085670698756537
R0p35,Cq,8.0,0.1,BWD,0.18107159033025072,5.675156268270022
R0p35,Cq,8.0,0.1,FWD,0.2793617896841103,2.6245495852647904
R0p35,Cq,8.0,0.1,ISO,0.1907922359495054,3.9903055797918277
R0p35,Cq,8.0,0.33,BWD,0.04060024231960105,0.9598756172017114
R0p35,Cq,8.0,0.33,FWD,0.056021070815393356,0.6722306054781392
R0p35,Cq,8.0,0.33,ISO,0.06605067085315211,1.7075463799609616
R0p35,Cq,8.0,0.8,BWD,0.19548037774754115,7.180054131981322
R0p35,Cq,8.0,0.8,FWD,0.1956109845003197,3.435878830960781
R0p35,Cq,8.0,0.8,ISO,0.08560706836865514,2.640266230336317
R0p35,tau_abs,4.0,0.1,BWD,0.2578977428632401,3.310434167036016
R0p35,tau_abs,4.0,0.1,FWD,0.5620978483341978,15.382337269460157
R0p35,tau_abs,4.0,0.1,ISO,0.43200295412102213,4.660099623132782
R0p35,tau_abs,4.0,0.33,BWD,0.16200417910455528,2.616896280163866
R0p35,tau_abs,4.0,0.33,FWD,0.5565542865099794,27.6098471977281
R0p35,tau_abs,4.0,0.33,ISO,0.1526943211717894,2.696501322277149
R0p35,tau_abs,4.0,0.8,BWD,0.4396148916648094,9.603401817888313
R0p35,tau_abs,4.0,0.8,FWD,0.33071908807394707,16.02379952973477
R0p35,tau_abs,4.0,0.8,ISO,0.5905471852865006,10.8797320320305
R0p35,tau_abs,6.0,0.1,BWD,0.27031458332475417,3.381933856735805
R0p35,tau_abs,6.0,0.1,FWD,0.37330409044542495,8.826691642024747
R0p35,tau_abs,6.0,0.1,ISO,0.3929492229694229,4.035595084909246
R0p35,tau_abs,6.0,0.33,BWD,0.07100359226410789,1.236518023194525
R0p35,tau_abs,6.0,0.33,FWD,0.33508549312929437,10.277974530488324
R0p35,tau_abs,6.0,0.33,ISO,0.1504506036612599,2.284287562486821
R0p35,tau_abs,6.0,0.8,BWD,0.24111737905378042,4.764002020392003
R0p35,tau_abs,6.0,0.8,FWD,0.2980778505806651,11.66610034152458
R0p35,tau_abs,6.0,0.8,ISO,0.37819901553478547,6.218871488078725
R0p35,tau_abs,8.0,0.1,BWD,0.3577101677518233,4.9108764847461615
R0p35,tau_abs,8.0,0.1,FWD,0.482270058928525,15.22806765178937
R0p35,tau_abs,8.0,0.1,ISO,0.4724367256560171,5.349711020564551
R0p35,tau_abs,8.0,0.33,BWD,0.13324768345384777,3.3950612668522866
R0p35,tau_abs,8.0,0.33,FWD,0.32973092743712906,9.328891818799617
R0p35,tau_abs,8.0,0.33,ISO,0.17639992195403648,2.925547353335966
R0p35,tau_abs,8.0,0.8,BWD,0.15782299568920044,4.443358723882206
R0p35,tau_abs,8.0,0.8,FWD,0.23879231113438024,11.096954264455114
R0p35,tau_abs,8.0,0.8,ISO,0.288243576447613,5.105141134359198
R0p50,Cp,4.0,0.1,BWD,0.10426426251544645,4.319397992219225
R0p50,Cp,4.0,0.1,FWD,0.17763730392428193,7.267855508710576
R0p50,Cp,4.0,0.1,ISO,0.04983015520267467,2.0743387940451723
R0p50,Cp,4.0,0.33,BWD,0.3071218635179632,13.495335532831291
R0p50,Cp,4.0,0.33,FWD,0.27235237784441385,10.34401333959001
R0p50,Cp,4.0,0.33,ISO,0.13671662283173738,5.694748771968258
R0p50,Cp,4.0,0.8,BWD,0.7001196434856618,27.50323867248607
R0p50,Cp,4.0,0.8,FWD,0.625197198686048,21.144033295661806
R0p50,Cp,4.0,0.8,ISO,0.3420364186629173,12.452216783906715
R0p50,Cp,6.0,0.1,BWD,0.08981578196436522,2.8154380481706296
R0p50,Cp,6.0,0.1,FWD,0.06533085864708078,2.0136321410966773
R0p50,Cp,6.0,0.1,ISO,0.028695285441809763,1.0616648809649285
R0p50,Cp,6.0,0.33,BWD,0.20229174477196682,8.881637350256035
R0p50,Cp,6.0,0.33,FWD,0.10420153253440369,3.7555429572459733
R0p50,Cp,6.0,0.33,ISO,0.07814535455463276,2.8811928252814063
R0p50,Cp,6.0,0.8,BWD,0.3705706367371962,15.180299283744091
R0p50,Cp,6.0,0.8,FWD,0.24474470637432347,7.9554145189588406
R0p50,Cp,6.0,0.8,ISO,0.13286660161553618,5.015223017197537
R0p50,Cp,8.0,0.1,BWD,0.2187124609327707,9.090732663059425
R0p50,Cp,8.0,0.1,FWD,0.27223669178414434,9.817938789894491
R0p50,Cp,8.0,0.1,ISO,0.15829006125425057,6.212758324833951
R0p50,Cp,8.0,0.33,BWD,0.13141335100101847,5.072461335456513
R0p50,Cp,8.0,0.33,FWD,0.03654904220754255,1.2916843454702973
R0p50,Cp,8.0,0.33,ISO,0.05122879183466676,1.6972251737823283
R0p50,Cp,8.0,0.8,BWD,0.3001819141238031,12.505869943512492
R0p50,Cp,8.0,0.8,FWD,0.08001555784873475,2.926410831200887
R0p50,Cp,8.0,0.8,ISO,0.043519924283483245,1.4863176372668143
R0p50,Cq,4.0,0.1,BWD,0.11977426948914845,4.165366524691647
R0p50,Cq,4.0,0.1,FWD,0.2976791759600812,6.544825013628026
R0p50,Cq,4.0,0.1,ISO,0.08415446527738064,2.6145964703877635
R0p50,Cq,4.0,0.33,BWD,0.11816927357259426,4.563709872229576
R0p50,Cq,4.0,0.33,FWD,0.2164450441437153,5.853662086674603
R0p50,Cq,4.0,0.33,ISO,0.06720821293105078,2.237010253977316
R0p50,Cq,4.0,0.8,BWD,0.46015139318853193,18.865050668530166
R0p50,Cq,4.0,0.8,FWD,0.41636275990573834,10.739592502652933
R0p50,Cq,4.0,0.8,ISO,0.13777239322248727,4.687579865894009
R0p50,Cq,6.0,0.1,BWD,0.05630792768673246,1.3671827154499723
R0p50,Cq,6.0,0.1,FWD,0.20796324001091168,2.755943236417672
R0p50,Cq,6.0,0.1,ISO,0.09278299765854123,1.736130751999013
R0p50,Cq,6.0,0.33,BWD,0.09785954996289346,3.5566699743112857
R0p50,Cq,6.0,0.33,FWD,0.13174635041624683,2.6218152900159977
R0p50,Cq,6.0,0.33,ISO,0.04193261255083879,1.0924141782037533
R0p50,Cq,6.0,0.8,BWD,0.30496773138302347,11.755092699777055
R0p50,Cq,6.0,0.8,FWD,0.2670645805432346,4.923683347017971
R0p50,Cq,6.0,0.8,ISO,0.09977966824541543,2.216829071337
R0p50,Cq,8.0,0.1,BWD,0.18591541924601565,5.854914779487167
R0p50,Cq,8.0,0.1,FWD,0.2780992032856187,2.8195077584459907
R0p50,Cq,8.0,0.1,ISO,0.197448386020044,4.009012534364268
R0p50,Cq,8.0,0.33,BWD,0.052074069790260934,1.4106418928432645
R0p50,Cq,8.0,0.33,FWD,0.05325408404532643,1.0401101834143558
R0p50,Cq,8.0,0.33,ISO,0.05128443674576474,1.318948577455906
R0p50,Cq,8.0,0.8,BWD,0.22593547744208511,8.411611224920984
R0p50,Cq,8.0,0.8,FWD,0.16666072068606075,3.5307840252137335
R0p50,Cq,8.0,0.8,ISO,0.08563526437509926,2.7114809041596297
R0p50,tau_abs,4.0,0.1,BWD,0.29470048231470775,4.1583237099656385
R0p50,tau_abs,4.0,0.1,FWD,0.564515987741225,14.969229919994516
R0p50,tau_abs,4.0,0.1,ISO,0.4638946745304602,4.935803784269326
R0p50,tau_abs,4.0,0.33,BWD,0.0984707466054111,1.9083458661934352
R0p50,tau_abs,4.0,0.33,FWD,0.5479828767731675,27.397880340399176
R0p50,tau_abs,4.0,0.33,ISO,0.18134091981239767,3.3031126321280375
R0p50,tau_abs,4.0,0.8,BWD,0.4026677903918241,8.556559384302009
R0p50,tau_abs,4.0,0.8,FWD,0.3139005519614588,16.356937529968157
R0p50,tau_abs,4.0,0.8,ISO,0.544459341507991,10.133140621224236
R0p50,tau_abs,6.0,0.1,BWD,0.2993125859538758,3.6835148881218753
R0p50,tau_abs,6.0,0.1,FWD,0.37190419877823955,9.196149667338174
R0p50,tau_abs,6.0,0.1,ISO,0.39630883658453736,4.572561232000767
R0p50,tau_abs,6.0,0.33,BWD,0.06272787424572046,1.2894602225596248
R0p50,tau_abs,6.0,0.33,FWD,0.37177034713941176,11.62390589873687
R0p50,tau_abs,6.0,0.33,ISO,0.15934228072012882,2.336105751995165
R0p50,tau_abs,6.0,0.8,BWD,0.2931649586849096,6.560942923599317
R0p50,tau_abs,6.0,0.8,FWD,0.31614869725654526,13.035224421898459
R0p50,tau_abs,6.0,0.8,ISO,0.33649382903331526,5.992901827184154
R0p50,tau_abs,8.0,0.1,BWD,0.3580792206221073,5.039008375867423
R0p50,tau_abs,8.0,0.1,FWD,0.4736077170042788,15.393057519000962
R0p50,tau_abs,8.0,0.1,ISO,0.4952902334497815,5.9165179375877
R0p50,tau_abs,8.0,0.33,BWD,0.1324569505625791,3.3732214958011477
R0p50,tau_abs,8.0,0.33,FWD,0.3999100966203322,10.523544058602132
R0p50,tau_abs,8.0,0.33,ISO,0.18795529738725963,3.063840330161996
R0p50,tau_abs,8.0,0.8,BWD,0.17006445798722608,4.67366632909122
R0p50,tau_abs,8.0,0.8,FWD,0.24272179372886918,11.115236755725125
R0p50,tau_abs,8.0,0.8,ISO,0.23894056340900865,4.311690207909916
R0p75,Cp,4.0,0.1,BWD,0.12491389304527356,5.4705096079806825
R0p75,Cp,4.0,0.1,FWD,0.1812913149859271,7.346743599134902
R0p75,Cp,4.0,0.1,ISO,0.05490468498016851,2.3095021583101487
R0p75,Cp,4.0,0.33,BWD,0.28692324412961473,12.638819937790617
R0p75,Cp,4.0,0.33,FWD,0.29075753730400894,10.948737617420438
R0p75,Cp,4.0,0.33,ISO,0.15877721519357038,6.231811930156789
R0p75,Cp,4.0,0.8,BWD,0.7545304570386706,29.699725705211062
R0p75,Cp,4.0,0.8,FWD,0.5000840039263158,17.17086675919873
R0p75,Cp,4.0,0.8,ISO,0.2974869236894132,10.667034368098847
R0p75,Cp,6.0,0.1,BWD,0.08414167969963757,3.0850317173379214
R0p75,Cp,6.0,0.1,FWD,0.07025712450472736,1.9553757708814186
R0p75,Cp,6.0,0.1,ISO,0.04917776156694049,1.9056278293671707
R0p75,Cp,6.0,0.33,BWD,0.1547739722700316,6.731054196373072
R0p75,Cp,6.0,0.33,FWD,0.09672332570497788,3.3416534013096153
R0p75,Cp,6.0,0.33,ISO,0.05882945031410105,2.1633271434722303
R0p75,Cp,6.0,0.8,BWD,0.4039638734770143,16.79934164290016
R0p75,Cp,6.0,0.8,FWD,0.24097001394055345,8.30825782259536
R0p75,Cp,6.0,0.8,ISO,0.16976578263469783,6.36777816371347
R0p75,Cp,8.0,0.1,BWD,0.2323646023691307,9.595379224300133
R0p75,Cp,8.0,0.1,FWD,0.2822314879495627,10.061918668485388
R0p75,Cp,8.0,0.1,ISO,0.16351920631780362,6.606718300595363
R0p75,Cp,8.0,0.33,BWD,0.13344841192444667,5.12223913461021
R0p75,Cp,8.0,0.33,FWD,0.08492213447147645,2.925996701481453
R0p75,Cp,8.0,0.33,ISO,0.05566613728207498,1.778023853991056
R0p75,Cp,8.0,0.8,BWD,0.3490982739046264,14.629946987608724
R0p75,Cp,8.0,0.8,FWD,0.12206234959730311,3.7539499464578485
R0p75,Cp,8.0,0.8,ISO,0.0737958056687356,2.2239160747264606
R0p75,Cq,4.0,0.1,BWD,0.07278876264395716,2.160673805828282
R0p75,Cq,4.0,0.1,FWD,0.31635878877982687,6.564054516988
R0p75,Cq,4.0,0.1,ISO,0.10714146698936142,2.8445958987306286
R0p75,Cq,4.0,0.33,BWD,0.10141611346361944,3.7203512438027304
R0p75,Cq,4.0,0.33,FWD,0.2024136845356951,5.362494436928148
R0p75,Cq,4.0,0.33,ISO,0.06523739872543888,2.0953742556302113
R0p75,Cq,4.0,0.8,BWD,0.5179700573209202,21.29200427024358
R0p75,Cq,4.0,0.8,FWD,0.3615363442891115,9.73344982220131
R0p75,Cq,4.0,0.8,ISO,0.09939600468141807,3.625105527162488
R0p75,Cq,6.0,0.1,BWD,0.06582682439865443,1.7724950009140563
R0p75,Cq,6.0,0.1,FWD,0.21613819205725898,2.7962934165376643
R0p75,Cq,6.0,0.1,ISO,0.08783269473459279,1.3823687283301755
R0p75,Cq,6.0,0.33,BWD,0.1030680341797196,3.747755976493275
R0p75,Cq,6.0,0.33,FWD,0.12660185501483243,2.581105127000522
R0p75,Cq,6.0,0.33,ISO,0.049304789242570105,1.376626420680696
R0p75,Cq,6.0,0.8,BWD,0.319173455204424,11.916859316609576
R0p75,Cq,6.0,0.8,FWD,0.25382618991477074,5.346227072660881
R0p75,Cq,6.0,0.8,ISO,0.10970968565099558,2.566732400620441
R0p75,Cq,8.0,0.1,BWD,0.19804619567930307,6.264455722014987
R0p75,Cq,8.0,0.1,FWD,0.28539530352564774,3.1113541667761795
R0p75,Cq,8.0,0.1,ISO,0.19444534069017155,3.8514723435779437
R0p75,Cq,8.0,0.33,BWD,0.06039345391474773,1.7733562585374176
R0p75,Cq,8.0,0.33,FWD,0.08373357073956209,1.5485139243392656
R0p75,Cq,8.0,0.33,ISO,0.036645846012765534,1.0131813888966088
R0p75,Cq,8.0,0.8,BWD,0.19674253904577052,7.327029015029436
R0p75,Cq,8.0,0.8,FWD,0.13743499412960306,3.24762515423276
R0p75,Cq,8.0,0.8,ISO,0.054011844179324954,1.7494098547733108
R0p75,tau_abs,4.0,0.1,BWD,0.3506058949329157,4.733772530135612
R0p75,tau_abs,4.0,0.1,FWD,0.40266507945667845,11.821555288550488
R0p75,tau_abs,4.0,0.1,ISO,0.45393870291359323,4.919449887096486
R0p75,tau_abs,4.0,0.33,BWD,0.07941295480454737,1.7227079684348978
R0p75,tau_abs,4.0,0.33,FWD,0.497488959165371,25.20197122626927
R0p75,tau_abs,4.0,0.33,ISO,0.16586027944998818,2.814292405465128
R0p75,tau_abs,4.0,0.8,BWD,0.4177647729934001,9.66740752978668
R0p75,tau_abs,4.0,0.8,FWD,0.2984105407365498,16.05407569185301
R0p75,tau_abs,4.0,0.8,ISO,0.5028595207461133,9.4009879322269
R0p75,tau_abs,6.0,0.1,BWD,0.27761479960078295,3.919419766094847
R0p75,tau_abs,6.0,0.1,FWD,0.31800185511153145,9.104223387957731
R0p75,tau_abs,6.0,0.1,ISO,0.42062283416618634,4.908648640236211
R0p75,tau_abs,6.0,0.33,BWD,0.0732413965881163,1.6405709288592394
R0p75,tau_abs,6.0,0.33,FWD,0.37270969491057176,12.163858807464353
R0p75,tau_abs,6.0,0.33,ISO,0.19137685293304202,2.8119755905379877
R0p75,tau_abs,6.0,0.8,BWD,0.2727256877657315,6.585866929585409
R0p75,tau_abs,6.0,0.8,FWD,0.28048068945201815,11.721040859793291
R0p75,tau_abs,6.0,0.8,ISO,0.32004164364952425,5.931653053569092
R0p75,tau_abs,8.0,0.1,BWD,0.36482359826175104,5.250713189394098
R0p75,tau_abs,8.0,0.1,FWD,0.4566203820657798,14.930088668523846
R0p75,tau_abs,8.0,0.1,ISO,0.4988059864748775,6.122171023642149
R0p75,tau_abs,8.0,0.33,BWD,0.1270511016771594,3.177141304276147
R0p75,tau_abs,8.0,0.33,FWD,0.38542111272756857,11.00200356560348
R0p75,tau_abs,8.0,0.33,ISO,0.20238369375867743,3.077042663624914
R0p75,tau_abs,8.0,0.8,BWD,0.15040314691114626,4.2791868974228935
R0p75,tau_abs,8.0,0.8,FWD,0.27019990901653845,12.771208359903415
R0p75,tau_abs,8.0,0.8,ISO,0.2479844151719819,4.368300448540668
R1,Cp,4.0,0.1,BWD,0.1472140398025279,6.398661729356338
R1,Cp,4.0,0.1,FWD,0.13916996452406272,5.5816910343157
R1,Cp,4.0,0.1,ISO,0.07735286775618155,3.066119210744467
R1,Cp,4.0,0.33,BWD,0.2939735321155332,12.998808303079556
R1,Cp,4.0,0.33,FWD,0.3340121313832097,12.50670857774856
R1,Cp,4.0,0.33,ISO,0.10382807551881652,4.185658063039236
R1,Cp,4.0,0.8,BWD,0.7648636257170288,30.179416168151867
R1,Cp,4.0,0.8,FWD,0.5334077299234046,18.294184676244118
R1,Cp,4.0,0.8,ISO,0.29578283323217347,10.280174745181727
R1,Cp,6.0,0.1,BWD,0.07345146144362823,2.73633413196959
R1,Cp,6.0,0.1,FWD,0.0937892327805237,2.8139464163835446
R1,Cp,6.0,0.1,ISO,0.05134118082128606,1.585426842248511
R1,Cp,6.0,0.33,BWD,0.19733690113195385,8.625181767323996
R1,Cp,6.0,0.33,FWD,0.11564180506428785,3.9695965077470836
R1,Cp,6.0,0.33,ISO,0.06873718855004832,2.685265652011211
R1,Cp,6.0,0.8,BWD,0.40089673157064065,16.668320248076007
R1,Cp,6.0,0.8,FWD,0.2363929739265668,8.187995446166367
R1,Cp,6.0,0.8,ISO,0.15281850013058887,5.871133750968921
R1,Cp,8.0,0.1,BWD,0.22173546939108407,8.973042716796751
R1,Cp,8.0,0.1,FWD,0.276780988930156,9.979460244572186
R1,Cp,8.0,0.1,ISO,0.1551833004916466,6.338867443723468
R1,Cp,8.0,0.33,BWD,0.1605989848271976,6.547299138581549
R1,Cp,8.0,0.33,FWD,0.06618939899315933,2.4315883076207028
R1,Cp,8.0,0.33,ISO,0.046326046923173415,1.7179014992117185
R1,Cp,8.0,0.8,BWD,0.3640374400316601,15.323903238470148
R1,Cp,8.0,0.8,FWD,0.15190445799821237,5.440190637178012
R1,Cp,8.0,0.8,ISO,0.07310759993028702,2.380581184954714
R1,Cq,4.0,0.1,BWD,0.10653659047611048,3.498952781436149
R1,Cq,4.0,0.1,FWD,0.2819981356958065,5.920706119087774
R1,Cq,4.0,0.1,ISO,0.11816680773861253,3.0898086053065517
R1,Cq,4.0,0.33,BWD,0.08495390870008633,2.911206589191807
R1,Cq,4.0,0.33,FWD,0.18267472507801816,5.087327083477179
R1,Cq,4.0,0.33,ISO,0.06509272435076684,2.1675083735220855
R1,Cq,4.0,0.8,BWD,0.420016485777212,17.0400746467215
R1,Cq,4.0,0.8,FWD,0.2869369351904961,8.167011908653325
R1,Cq,4.0,0.8,ISO,0.1464340416282344,4.91857812676948
R1,Cq,6.0,0.1,BWD,0.10058186311779345,3.19958038756302
R1,Cq,6.0,0.1,FWD,0.24866150342715598,3.3841613472746372
R1,Cq,6.0,0.1,ISO,0.10344756571669264,1.9554303132355861
R1,Cq,6.0,0.33,BWD,0.0801081947784113,2.867860654874755
R1,Cq,6.0,0.33,FWD,0.13648224908632484,2.8593000018206096
R1,Cq,6.0,0.33,ISO,0.03516031610950029,0.9610277982100028
R1,Cq,6.0,0.8,BWD,0.31007749694901143,11.825555967412031
R1,Cq,6.0,0.8,FWD,0.18830080308982675,4.312564691263332
R1,Cq,6.0,0.8,ISO,0.12279860700212998,3.2987035905137474
R1,Cq,8.0,0.1,BWD,0.21010392346971213,6.836597453932458
R1,Cq,8.0,0.1,FWD,0.298278504126355,3.6359917631069285
R1,Cq,8.0,0.1,ISO,0.18170402952201936,3.6842441364926115
R1,Cq,8.0,0.33,BWD,0.05440892412076442,1.4107218331325138
R1,Cq,8.0,0.33,FWD,0.11802267694151046,2.022961424944433
R1,Cq,8.0,0.33,ISO,0.05904862463294672,1.5094792885768742
R1,Cq,8.0,0.8,BWD,0.23803243159539056,8.874282409890839
R1,Cq,8.0,0.8,FWD,0.1512422134844608,3.5888359379674175
R1,Cq,8.0,0.8,ISO,0.06788851485216929,2.0361465820969844
R1,tau_abs,4.0,0.1,BWD,0.3499845917800696,4.949701445124625
R1,tau_abs,4.0,0.1,FWD,0.4519600535671394,14.068894110781219
R1,tau_abs,4.0,0.1,ISO,0.47588075313725253,5.102343747758393
R1,tau_abs,4.0,0.33,BWD,0.07899255204081299,1.717300930421078
R1,tau_abs,4.0,0.33,FWD,0.530337398328519,24.364464189721815
R1,tau_abs,4.0,0.33,ISO,0.17627819497324412,2.955623248862554
R1,tau_abs,4.0,0.8,BWD,0.36730191695101766,8.88180802761276
R1,tau_abs,4.0,0.8,FWD,0.24030397334051842,13.414037728265097
R1,tau_abs,4.0,0.8,ISO,0.43367270862513446,8.225059610778871
R1,tau_abs,6.0,0.1,BWD,0.3021649116841699,4.286702410688557
R1,tau_abs,6.0,0.1,FWD,0.34823791243493807,10.856317040727617
R1,tau_abs,6.0,0.1,ISO,0.4009205958382636,4.7128352027807034
R1,tau_abs,6.0,0.33,BWD,0.09635069509049644,2.29541336707126
R1,tau_abs,6.0,0.33,FWD,0.3329437304168737,11.156488219726498
R1,tau_abs,6.0,0.33,ISO,0.19819688865788151,3.1385467097430797
R1,tau_abs,6.0,0.8,BWD,0.23457266925190853,5.577017706214507
R1,tau_abs,6.0,0.8,FWD,0.28525305243061055,12.333852218292135
R1,tau_abs,6.0,0.8,ISO,0.3052677629166377,5.820349675098844
R1,tau_abs,8.0,0.1,BWD,0.36661966989488176,5.4809686318215975
R1,tau_abs,8.0,0.1,FWD,0.47451365785351407,15.485629972018769
R1,tau_abs,8.0,0.1,ISO,0.4650364106677673,5.988403726572121
R1,tau_abs,8.0,0.33,BWD,0.15891695099235045,4.107108064975474
R1,tau_abs,8.0,0.33,FWD,0.416610740647587,11.124784284952135
R1,tau_abs,8.0,0.33,ISO,0.2250049564882675,3.8547887800485032
R1,tau_abs,8.0,0.8,BWD,0.18049849997933007,4.83924051157601
R1,tau_abs,8.0,0.8,FWD,0.30209096694229615,14.370772846932915
R1,tau_abs,8.0,0.8,ISO,0.24898232532329503,4.708645359269595
R1p50,Cp,4.0,0.1,BWD,0.1421629620474685,6.088443733099468
R1p50,Cp,4.0,0.1,FWD,0.12478001029099679,5.24216799729936
R1p50,Cp,4.0,0.1,ISO,0.04696098862916037,1.96617085418783
R1p50,Cp,4.0,0.33,BWD,0.28629578187261334,13.07017562913485
R1p50,Cp,4.0,0.33,FWD,0.2446453257173997,9.248490385316147
R1p50,Cp,4.0,0.33,ISO,0.06009302827930961,1.8855338365057475
R1p50,Cp,4.0,0.8,BWD,0.713731104310498,28.413955502818524
R1p50,Cp,4.0,0.8,FWD,0.4739125616788637,16.292289745292287
R1p50,Cp,4.0,0.8,ISO,0.23221580321783816,8.513693123283813
R1p50,Cp,6.0,0.1,BWD,0.06437706336316135,2.0969217676760348
R1p50,Cp,6.0,0.1,FWD,0.07284760625514371,2.4359962421045878
R1p50,Cp,6.0,0.1,ISO,0.05269655272323038,1.7350527869014305
R1p50,Cp,6.0,0.33,BWD,0.1282227437329756,5.282488349657771
R1p50,Cp,6.0,0.33,FWD,0.1052814035434628,3.8484379264244173
R1p50,Cp,6.0,0.33,ISO,0.04813722027311984,1.7113500108152904
R1p50,Cp,6.0,0.8,BWD,0.4115917533550645,17.089971630654095
R1p50,Cp,6.0,0.8,FWD,0.2814177217199576,9.900479707868358
R1p50,Cp,6.0,0.8,ISO,0.14124753378095758,5.458009314512032
R1p50,Cp,8.0,0.1,BWD,0.18131207796353388,7.511221009896878
R1p50,Cp,8.0,0.1,FWD,0.25053655121668733,8.72236411917827
R1p50,Cp,8.0,0.1,ISO,0.15814609201996355,6.177287366351605
R1p50,Cp,8.0,0.33,BWD,0.11388598611520599,4.019790742921734
R1p50,Cp,8.0,0.33,FWD,0.09049126745561445,3.3845526543280307
R1p50,Cp,8.0,0.33,ISO,0.1012731802740259,3.4975515409922973
R1p50,Cp,8.0,0.8,BWD,0.29176572529701517,12.20265491630557
R1p50,Cp,8.0,0.8,FWD,0.1846560362469499,6.722782841525693
R1p50,Cp,8.0,0.8,ISO,0.07557443595348931,2.459218891156405
R1p50,Cq,4.0,0.1,BWD,0.1019400948981201,3.096853045513543
R1p50,Cq,4.0,0.1,FWD,0.27184954557454927,5.449380941952056
R1p50,Cq,4.0,0.1,ISO,0.11519849988002487,2.615492446900142
R1p50,Cq,4.0,0.33,BWD,0.07700512365368663,2.424058188462531
R1p50,Cq,4.0,0.33,FWD,0.15297577658670952,4.175296848612739
R1p50,Cq,4.0,0.33,ISO,0.044227647140548505,1.3901684540360735
R1p50,Cq,4.0,0.8,BWD,0.4201862985722029,17.132142549258706
R1p50,Cq,4.0,0.8,FWD,0.20861386083720307,6.59553480083548
R1p50,Cq,4.0,0.8,ISO,0.10034511995488261,3.5344046042611446
R1p50,Cq,6.0,0.1,BWD,0.08565860306009268,2.482515730900679
R1p50,Cq,6.0,0.1,FWD,0.23992709276662796,3.538249078234581
R1p50,Cq,6.0,0.1,ISO,0.06368753999350209,1.1355551167219262
R1p50,Cq,6.0,0.33,BWD,0.06508064763709051,1.8549424594353914
R1p50,Cq,6.0,0.33,FWD,0.13373521843515332,2.33992865549148
R1p50,Cq,6.0,0.33,ISO,0.04470879624647892,1.1547991922500824
R1p50,Cq,6.0,0.8,BWD,0.2751401906360863,10.717852037776812
R1p50,Cq,6.0,0.8,FWD,0.10666957287477706,2.850663181605222
R1p50,Cq,6.0,0.8,ISO,0.10234629748232546,3.080970048783172
R1p50,Cq,8.0,0.1,BWD,0.15867520452847775,5.0112371108647835
R1p50,Cq,8.0,0.1,FWD,0.29967832495029395,4.064027524522533
R1p50,Cq,8.0,0.1,ISO,0.14463509345485998,2.6700657628022504
R1p50,Cq,8.0,0.33,BWD,0.0637788892306327,2.206862947744443
R1p50,Cq,8.0,0.33,FWD,0.12563887643720573,2.0232726187402648
R1p50,Cq,8.0,0.33,ISO,0.11664934043649712,2.945655091117178
R1p50,Cq,8.0,0.8,BWD,0.226804253308275,7.967460235401707
R1p50,Cq,8.0,0.8,FWD,0.12472478865171163,3.071499548734004
R1p50,Cq,8.0,0.8,ISO,0.040181606589620916,1.149453391880815
R1p50,tau_abs,4.0,0.1,BWD,0.36677689878562353,5.137790425777719
R1p50,tau_abs,4.0,0.1,FWD,0.4934499104129738,15.742173514027465
R1p50,tau_abs,4.0,0.1,ISO,0.4647278978676068,5.447925548951546
R1p50,tau_abs,4.0,0.33,BWD,0.0968222540616595,2.306638001456223
R1p50,tau_abs,4.0,0.33,FWD,0.47658951905099,19.61713282288085
R1p50,tau_abs,4.0,0.33,ISO,0.23146022030752644,3.902136137962316
R1p50,tau_abs,4.0,0.8,BWD,0.3135484320726183,7.393573609867909
R1p50,tau_abs,4.0,0.8,FWD,0.2362673876545434,13.573928306554663
R1p50,tau_abs,4.0,0.8,ISO,0.41322505808164767,7.666863334293429
R1p50,tau_abs,6.0,0.1,BWD,0.291704469920228,4.490516740311007
R1p50,tau_abs,6.0,0.1,FWD,0.3888385378511075,12.728248383194602
R1p50,tau_abs,6.0,0.1,ISO,0.41781136232325694,5.246043997979042
R1p50,tau_abs,6.0,0.33,BWD,0.13328561495609004,3.232865019841375
R1p50,tau_abs,6.0,0.33,FWD,0.37457899572901177,10.746846355706497
R1p50,tau_abs,6.0,0.33,ISO,0.27050011651677014,4.375660217929701
R1p50,tau_abs,6.0,0.8,BWD,0.18966416740485692,4.6182953901411885
R1p50,tau_abs,6.0,0.8,FWD,0.2806136395960151,11.953741950487348
R1p50,tau_abs,6.0,0.8,ISO,0.28053573251231323,5.2398793663994745
R1p50,tau_abs,8.0,0.1,BWD,0.37186747138276804,5.726101420080111
R1p50,tau_abs,8.0,0.1,FWD,0.48797563313150144,15.554239249222057
R1p50,tau_abs,8.0,0.1,ISO,0.5098459969055041,6.89487854582134
R1p50,tau_abs,8.0,0.33,BWD,0.20720982216712652,5.023822445349938
R1p50,tau_abs,8.0,0.33,FWD,0.4173231896663697,11.002171174695475
R1p50,tau_abs,8.0,0.33,ISO,0.28836231165004383,4.721707146760649
R1p50,tau_abs,8.0,0.8,BWD,0.1297889974735674,3.764347777567705
R1p50,tau_abs,8.0,0.8,FWD,0.2273439727170843,11.20884117827587
R1p50,tau_abs,8.0,0.8,ISO,0.2587189135412598,4.982577923647333
R2,Cp,4.0,0.1,BWD,0.0934650151547808,3.640079898873632
R2,Cp,4.0,0.1,FWD,0.10472365721434569,4.011676974952291
R2,Cp,4.0,0.1,ISO,0.02853020794151564,1.183981233312721
R2,Cp,4.0,0.33,BWD,0.3269497608822581,14.832806292403303
R2,Cp,4.0,0.33,FWD,0.21562730374006228,8.035140215980645
R2,Cp,4.0,0.33,ISO,0.1334825241774047,5.377865140203227
R2,Cp,4.0,0.8,BWD,0.6996552859558111,27.80438042290484
R2,Cp,4.0,0.8,FWD,0.4316414461253219,15.098919903605381
R2,Cp,4.0,0.8,ISO,0.1994963768766687,7.325697081805084
R2,Cp,6.0,0.1,BWD,0.07214665911874985,2.7761300441697636
R2,Cp,6.0,0.1,FWD,0.06972609654828509,2.2323478535844803
R2,Cp,6.0,0.1,ISO,0.06811298880343288,2.390038995889268
R2,Cp,6.0,0.33,BWD,0.12152758968836037,4.798626862004423
R2,Cp,6.0,0.33,FWD,0.09951410313777076,3.7359868118943953
R2,Cp,6.0,0.33,ISO,0.0624600672136404,2.1030318191233164
R2,Cp,6.0,0.8,BWD,0.3995146233938129,16.640813687914644
R2,Cp,6.0,0.8,FWD,0.24242823272314293,8.708730409671396
R2,Cp,6.0,0.8,ISO,0.12237792608688991,4.539326923860857
R2,Cp,8.0,0.1,BWD,0.18179919970390218,7.548988942777594
R2,Cp,8.0,0.1,FWD,0.22680480134778677,7.808760571895654
R2,Cp,8.0,0.1,ISO,0.13096657280339782,4.691093864581839
R2,Cp,8.0,0.33,BWD,0.11643636191868906,4.353772941024911
R2,Cp,8.0,0.33,FWD,0.10477129055391145,3.860691128294299
R2,Cp,8.0,0.33,ISO,0.07156196983190763,2.5933436770027245
R2,Cp,8.0,0.8,BWD,0.31091297080903235,12.955710094949135
R2,Cp,8.0,0.8,FWD,0.22328302316938228,8.180996458034835
R2,Cp,8.0,0.8,ISO,0.07809820896604226,2.2619697600233546
R2,Cq,4.0,0.1,BWD,0.14866831708376269,4.279044076490916
R2,Cq,4.0,0.1,FWD,0.3354460281901002,6.857731271396384
R2,Cq,4.0,0.1,ISO,0.11941507433548423,2.3808743597742996
R2,Cq,4.0,0.33,BWD,0.09105280394201509,2.711080998366718
R2,Cq,4.0,0.33,FWD,0.14404869987666966,3.7494525298266614
R2,Cq,4.0,0.33,ISO,0.09438086038416267,2.340984419881761
R2,Cq,4.0,0.8,BWD,0.3615748024974276,15.066562411256061
R2,Cq,4.0,0.8,FWD,0.21132462908468497,6.462216370565972
R2,Cq,4.0,0.8,ISO,0.07687341350153522,2.8216709876088912
R2,Cq,6.0,0.1,BWD,0.09775215148037697,2.7012914217101276
R2,Cq,6.0,0.1,FWD,0.26527870423868316,4.5850329592644075
R2,Cq,6.0,0.1,ISO,0.11135510088775377,2.3486501109657762
R2,Cq,6.0,0.33,BWD,0.0904129534249413,2.9375481644760693
R2,Cq,6.0,0.33,FWD,0.14773452249857755,2.7278428627592533
R2,Cq,6.0,0.33,ISO,0.08672108904230832,2.324857982449115
R2,Cq,6.0,0.8,BWD,0.2305630726436242,8.643018947885713
R2,Cq,6.0,0.8,FWD,0.1258971965534444,3.298379689639279
R2,Cq,6.0,0.8,ISO,0.0487104127589933,1.420967109259236
R2,Cq,8.0,0.1,BWD,0.134059248201291,4.5551893716533645
R2,Cq,8.0,0.1,FWD,0.3335415497127084,4.992074761721748
R2,Cq,8.0,0.1,ISO,0.18076711330809161,3.2515669243047514
R2,Cq,8.0,0.33,BWD,0.08527239007203548,2.974970773059392
R2,Cq,8.0,0.33,FWD,0.174360607572599,2.4618933440359996
R2,Cq,8.0,0.33,ISO,0.15116353470337976,4.018979724839506
R2,Cq,8.0,0.8,BWD,0.1679182412444086,6.017620616603829
R2,Cq,8.0,0.8,FWD,0.09695905764770552,2.736417752919746
R2,Cq,8.0,0.8,ISO,0.041286410588638134,1.3436522802709816
R2,tau_abs,4.0,0.1,BWD,0.3632729365483374,5.6947624688321685
R2,tau_abs,4.0,0.1,FWD,0.5282256235641531,16.57262140804335
R2,tau_abs,4.0,0.1,ISO,0.4379343757852238,5.469167131181392
R2,tau_abs,4.0,0.33,BWD,0.12233648766176179,2.8804979593808056
R2,tau_abs,4.0,0.33,FWD,0.4668352034591691,18.329740401320755
R2,tau_abs,4.0,0.33,ISO,0.2560475877201871,4.166576824167384
R2,tau_abs,4.0,0.8,BWD,0.2635996112791815,6.586638491557468
R2,tau_abs,4.0,0.8,FWD,0.22892763712925854,13.545874947320648
R2,tau_abs,4.0,0.8,ISO,0.4560488918410503,8.951367371162409
R2,tau_abs,6.0,0.1,BWD,0.31341145721594915,5.314956658807889
R2,tau_abs,6.0,0.1,FWD,0.39847418946020857,12.573555236938114
R2,tau_abs,6.0,0.1,ISO,0.4198216339241333,5.405648435629255
R2,tau_abs,6.0,0.33,BWD,0.1671078628428703,3.7658689686551385
R2,tau_abs,6.0,0.33,FWD,0.32609043207959204,9.304366689406747
R2,tau_abs,6.0,0.33,ISO,0.2570955328488337,4.210248697902622
R2,tau_abs,6.0,0.8,BWD,0.12208687192012617,3.2133208589939937
R2,tau_abs,6.0,0.8,FWD,0.22150568379411192,10.514993762067457
R2,tau_abs,6.0,0.8,ISO,0.2556069292650989,4.810894322491638
R2,tau_abs,8.0,0.1,BWD,0.3982248711849655,6.68992450061846
R2,tau_abs,8.0,0.1,FWD,0.47742324098995687,15.560020967424053
R2,tau_abs,8.0,0.1,ISO,0.520210208362017,6.618392429721377
R2,tau_abs,8.0,0.33,BWD,0.21677553558771911,5.19724535457694
R2,tau_abs,8.0,0.33,FWD,0.4181643756416755,11.39491130806506
R2,tau_abs,8.0,0.33,ISO,0.30510653844488406,4.90695757234216
R2,tau_abs,8.0,0.8,BWD,0.13846641222149497,3.8522283156225203
R2,tau_abs,8.0,0.8,FWD,0.20677701841167895,10.379957160094154
R2,tau_abs,8.0,0.8,ISO,0.23565837676517756,4.329423132070283
R3,Cp,4.0,0.1,BWD,0.10125470500843022,3.910710875504095
R3,Cp,4.0,0.1,FWD,0.07313880757040431,2.8716473768535478
R3,Cp,4.0,0.1,ISO,0.051745229326750034,2.3152596052173666
R3,Cp,4.0,0.33,BWD,0.24895869499007608,11.181676266711222
R3,Cp,4.0,0.33,FWD,0.16188760378664455,6.291071385069211
R3,Cp,4.0,0.33,ISO,0.05707882262153209,2.0602319687793678
R3,Cp,4.0,0.8,BWD,0.6703339111356486,26.809242393315667
R3,Cp,4.0,0.8,FWD,0.420748926441479,14.694585091102958
R3,Cp,4.0,0.8,ISO,0.19858642615177202,6.936941677440562
R3,Cp,6.0,0.1,BWD,0.08177697889383845,3.129620715941277
R3,Cp,6.0,0.1,FWD,0.07374646364763522,2.1908485913486055
R3,Cp,6.0,0.1,ISO,0.06510778088176641,2.212195221457667
R3,Cp,6.0,0.33,BWD,0.1413156365132894,5.89696678603128
R3,Cp,6.0,0.33,FWD,0.10768924884172723,3.7310575416080027
R3,Cp,6.0,0.33,ISO,0.0484230255864328,1.7061509907970887
R3,Cp,6.0,0.8,BWD,0.3954643150801637,16.73564658617387
R3,Cp,6.0,0.8,FWD,0.22754359414400285,8.03934497197156
R3,Cp,6.0,0.8,ISO,0.12602633856762124,4.395305114025505
R3,Cp,8.0,0.1,BWD,0.1547880886358649,6.3723008773633545
R3,Cp,8.0,0.1,FWD,0.20449241078133215,6.901914535581258
R3,Cp,8.0,0.1,ISO,0.12304749916847994,3.9262798854617103
R3,Cp,8.0,0.33,BWD,0.14326821628444572,5.549255852027466
R3,Cp,8.0,0.33,FWD,0.10611137010671881,3.7373345243656186
R3,Cp,8.0,0.33,ISO,0.09139498351921245,3.400126196204875
R3,Cp,8.0,0.8,BWD,0.3577522256849201,15.238984703180048
R3,Cp,8.0,0.8,FWD,0.20039741683779264,7.344130647625592
R3,Cp,8.0,0.8,ISO,0.10437833493745363,3.383969916519337
R3,Cq,4.0,0.1,BWD,0.1969849362932906,6.331067363767554
R3,Cq,4.0,0.1,FWD,0.3858132385601224,7.490516103235402
R3,Cq,4.0,0.1,ISO,0.1542829757259203,3.422580947844046
R3,Cq,4.0,0.33,BWD,0.1177855309132998,3.1048014048572807
R3,Cq,4.0,0.33,FWD,0.20179840964641618,5.270439654710488
R3,Cq,4.0,0.33,ISO,0.0791295248084547,2.102257309221366
R3,Cq,4.0,0.8,BWD,0.30738823101940466,12.675097801010555
R3,Cq,4.0,0.8,FWD,0.19860364975246733,6.454608189212224
R3,Cq,4.0,0.8,ISO,0.061610587318760235,2.307273633429243
R3,Cq,6.0,0.1,BWD,0.1865487887679734,6.315791673549259
R3,Cq,6.0,0.1,FWD,0.32650316453426265,5.902817532546422
R3,Cq,6.0,0.1,ISO,0.15653776078834242,3.8410163364726637
R3,Cq,6.0,0.33,BWD,0.09120083253364807,2.7206709032363876
R3,Cq,6.0,0.33,FWD,0.16063218140970942,3.3981467877295453
R3,Cq,6.0,0.33,ISO,0.05499186271011955,1.2964663446876403
R3,Cq,6.0,0.8,BWD,0.21760086526548877,8.406946664956179
R3,Cq,6.0,0.8,FWD,0.11117040261309687,3.3899535721268257
R3,Cq,6.0,0.8,ISO,0.029657532231930805,1.0293678519395042
R3,Cq,8.0,0.1,BWD,0.08761964831719037,2.5021025276168873
R3,Cq,8.0,0.1,FWD,0.3560844943608403,5.577127027342793
R3,Cq,8.0,0.1,ISO,0.1249627389520096,2.326290350163546
R3,Cq,8.0,0.33,BWD,0.08918059970529556,2.928193222215292
R3,Cq,8.0,0.33,FWD,0.17846752714518754,3.0414529000271124
R3,Cq,8.0,0.33,ISO,0.1347068537661197,3.62297052400882
R3,Cq,8.0,0.8,BWD,0.18560980760165746,7.069017406682187
R3,Cq,8.0,0.8,FWD,0.10448680464051194,2.9891322909526767
R3,Cq,8.0,0.8,ISO,0.07781917654712692,2.5295366686190937
R3,tau_abs,4.0,0.1,BWD,0.34117374181771387,6.0413107365078975
R3,tau_abs,4.0,0.1,FWD,0.522159037304936,18.58934945520791
R3,tau_abs,4.0,0.1,ISO,0.4570054133116347,5.443389327604263
R3,tau_abs,4.0,0.33,BWD,0.11034719010433872,2.3392685883478075
R3,tau_abs,4.0,0.33,FWD,0.4785030965780612,17.61452336252304
R3,tau_abs,4.0,0.33,ISO,0.22796977259126616,3.8863970297588812
R3,tau_abs,4.0,0.8,BWD,0.18554837457600976,4.566518266427811
R3,tau_abs,4.0,0.8,FWD,0.2374514240988505,13.98971253721667
R3,tau_abs,4.0,0.8,ISO,0.4399543645907096,8.836052932940278
R3,tau_abs,6.0,0.1,BWD,0.3479038907014977,6.168575599420991
R3,tau_abs,6.0,0.1,FWD,0.37573195548298066,13.481029753558012
R3,tau_abs,6.0,0.1,ISO,0.4386125886436397,5.314733817630913
R3,tau_abs,6.0,0.33,BWD,0.13043944605645086,2.951937320313382
R3,tau_abs,6.0,0.33,FWD,0.3163147303933782,10.319374807183998
R3,tau_abs,6.0,0.33,ISO,0.26244398612097486,4.192645776710845
R3,tau_abs,6.0,0.8,BWD,0.10162323555566424,3.045358691081755
R3,tau_abs,6.0,0.8,FWD,0.23288681356040566,11.365768232493165
R3,tau_abs,6.0,0.8,ISO,0.2699693802607406,5.275455505386256
R3,tau_abs,8.0,0.1,BWD,0.38579373497569974,6.436178102456644
R3,tau_abs,8.0,0.1,FWD,0.4887152347380478,15.832237178412257
R3,tau_abs,8.0,0.1,ISO,0.5115355831664045,6.538645711691842
R3,tau_abs,8.0,0.33,BWD,0.2692667404162308,6.244716565057417
R3,tau_abs,8.0,0.33,FWD,0.45478527137611025,14.24416896418897
R3,tau_abs,8.0,0.33,ISO,0.35489666514812446,5.558002124097616
R3,tau_abs,8.0,0.8,BWD,0.14541959935973686,3.831834238594358
R3,tau_abs,8.0,0.8,FWD,0.24594626752837712,12.04777607102029
R3,tau_abs,8.0,0.8,ISO,0.22844915766697518,4.400668339474349
full,Cp,4.0,0.1,BWD,0.06694628598786403,2.659531620467076
full,Cp,4.0,0.1,FWD,0.05446578077255199,1.3720632233224415
full,Cp,4.0,0.1,ISO,0.052115705465412145,1.8789884071595255
full,Cp,4.0,0.33,BWD,0.16184894325822635,7.005314885938323
full,Cp,4.0,0.33,FWD,0.07124198105017522,2.616990686431937
full,Cp,4.0,0.33,ISO,0.06223132523861959,2.136529017895132
full,Cp,4.0,0.8,BWD,0.5515375993660918,21.649387438766315
full,Cp,4.0,0.8,FWD,0.25236213201130087,8.983502387272116
full,Cp,4.0,0.8,ISO,0.07430987138385295,2.278766897077531
full,Cp,6.0,0.1,BWD,0.0563188571295486,2.075202644681625
full,Cp,6.0,0.1,FWD,0.07254322120264486,1.7548852704840818
full,Cp,6.0,0.1,ISO,0.06587952382883593,2.1700688390185987
full,Cp,6.0,0.33,BWD,0.1311339505822597,5.554866098614609
full,Cp,6.0,0.33,FWD,0.05099366920415234,1.9018266905273982
full,Cp,6.0,0.33,ISO,0.04149614190038187,1.6161588098242576
full,Cp,6.0,0.8,BWD,0.378930456089158,15.76385147449821
full,Cp,6.0,0.8,FWD,0.17538266702865601,6.37213193364402
full,Cp,6.0,0.8,ISO,0.05509643147702149,1.7062188332583554
full,Cp,8.0,0.1,BWD,0.12550792273739056,4.895567357899281
full,Cp,8.0,0.1,FWD,0.2357586915812289,8.52543511059451
full,Cp,8.0,0.1,ISO,0.10187796016856296,3.41830638825831
full,Cp,8.0,0.33,BWD,0.1543926460312959,6.949916601690458
full,Cp,8.0,0.33,FWD,0.10233013827540356,3.989457666730429
full,Cp,8.0,0.33,ISO,0.07698240077638421,2.820965153139916
full,Cp,8.0,0.8,BWD,0.33667990127238684,14.147640804704114
full,Cp,8.0,0.8,FWD,0.14697231374104094,5.628530950098409
full,Cp,8.0,0.8,ISO,0.06042413073431053,2.2202235380958286
full,Cq,4.0,0.1,BWD,0.05883683723586412,1.7233760271828922
full,Cq,4.0,0.1,FWD,0.2436457923575853,4.192528097803563
full,Cq,4.0,0.1,ISO,0.12263968884928655,2.458569053833613
full,Cq,4.0,0.33,BWD,0.09156993373335488,3.2466611150289038
full,Cq,4.0,0.33,FWD,0.12280856132799242,3.210460813047329
full,Cq,4.0,0.33,ISO,0.07340928373591696,1.881652300487584
full,Cq,4.0,0.8,BWD,0.33411658580255466,13.358076419731056
full,Cq,4.0,0.8,FWD,0.2239376993121562,6.711938548580915
full,Cq,4.0,0.8,ISO,0.03597168265836788,1.235885814437939
full,Cq,6.0,0.1,BWD,0.049966876670565145,1.4483089349955731
full,Cq,6.0,0.1,FWD,0.1883744358136469,2.594372540090741
full,Cq,6.0,0.1,ISO,0.07606843508317748,1.5631573253288173
full,Cq,6.0,0.33,BWD,0.09077742998976925,3.19300065495851
full,Cq,6.0,0.33,FWD,0.09104857867791727,1.8582631478923672
full,Cq,6.0,0.33,ISO,0.034288738568821225,0.8518383839741084
full,Cq,6.0,0.8,BWD,0.27153657663851394,10.307509900256406
full,Cq,6.0,0.8,FWD,0.17452212894859115,3.994735256726088
full,Cq,6.0,0.8,ISO,0.04968190734647228,1.2805349634114402
full,Cq,8.0,0.1,BWD,0.10453128570239954,3.402325368734384
full,Cq,8.0,0.1,FWD,0.2641963483423931,2.5430615845835436
full,Cq,8.0,0.1,ISO,0.1524684470094313,2.9598334589007806
full,Cq,8.0,0.33,BWD,0.05524353379305302,1.759968691726732
full,Cq,8.0,0.33,FWD,0.0657349453728347,1.3344464603362085
full,Cq,8.0,0.33,ISO,0.10035002808261947,2.5536079438477124
full,Cq,8.0,0.8,BWD,0.22826076263107622,8.340280914982493
full,Cq,8.0,0.8,FWD,0.10964142043522582,2.436937569464122
full,Cq,8.0,0.8,ISO,0.06781568436461156,2.1635227809001223
full,tau_abs,4.0,0.1,BWD,0.34368425395506647,4.329973717955931
full,tau_abs,4.0,0.1,FWD,0.6359974421309327,20.026000605450722
full,tau_abs,4.0,0.1,ISO,0.41700128721044744,5.070167087574493
full,tau_abs,4.0,0.33,BWD,0.09243983205756388,2.0251400531041304
full,tau_abs,4.0,0.33,FWD,0.4731232211347405,18.523304907349704
full,tau_abs,4.0,0.33,ISO,0.15530669956782472,2.5518360951921046
full,tau_abs,4.0,0.8,BWD,0.2665220327424733,5.631367380539461
full,tau_abs,4.0,0.8,FWD,0.23775229505897633,13.931872445235028
full,tau_abs,4.0,0.8,ISO,0.6166756775990387,11.958486718197634
full,tau_abs,6.0,0.1,BWD,0.31179923537809767,4.131092445756446
full,tau_abs,6.0,0.1,FWD,0.40968685424904144,12.469490773588324
full,tau_abs,6.0,0.1,ISO,0.3933823220998681,4.795932785912132
full,tau_abs,6.0,0.33,BWD,0.09155767139377186,2.095589148133723
full,tau_abs,6.0,0.33,FWD,0.31429854674683044,8.838314282707074
full,tau_abs,6.0,0.33,ISO,0.1883412148926585,2.791050650187279
full,tau_abs,6.0,0.8,BWD,0.1758265303399113,4.214906119864608
full,tau_abs,6.0,0.8,FWD,0.25539917060503337,12.597386096479875
full,tau_abs,6.0,0.8,ISO,0.3889843599282118,7.489504981350871
full,tau_abs,8.0,0.1,BWD,0.36318315660157874,5.254755086895935
full,tau_abs,8.0,0.1,FWD,0.5084630638182808,15.642431819014254
full,tau_abs,8.0,0.1,ISO,0.4849681699082194,6.470833444400899
full,tau_abs,8.0,0.33,BWD,0.17691738575565866,4.227243642906961
full,tau_abs,8.0,0.33,FWD,0.38461382753496154,11.327242294106886
full,tau_abs,8.0,0.33,ISO,0.20910637361988318,3.358270711568521
full,tau_abs,8.0,0.8,BWD,0.13531473851866982,3.9834713743448167
full,tau_abs,8.0,0.8,FWD,0.29353596448873015,14.008689158586996
full,tau_abs,8.0,0.8,ISO,0.2752562403312292,5.1520249122034025
local,Cp,4.0,0.1,BWD,0.17248638102058192,8.055260144923292
local,Cp,4.0,0.1,FWD,0.10789586989870126,4.328153494623289
local,Cp,4.0,0.1,ISO,0.06250984073682378,2.942152643777398
local,Cp,4.0,0.33,BWD,0.33645171834843896,14.497468922711484
local,Cp,4.0,0.33,FWD,0.317272637241471,11.870644087720496
local,Cp,4.0,0.33,ISO,0.1977156088468399,8.192062199586987
local,Cp,4.0,0.8,BWD,0.7572513400953798,29.409744848706477
local,Cp,4.0,0.8,FWD,0.5936782201165963,20.016306041731838
local,Cp,4.0,0.8,ISO,0.32300769906455823,11.690440958437785
local,Cp,6.0,0.1,BWD,0.05971795067479746,1.9144770799219464
local,Cp,6.0,0.1,FWD,0.06812128092778681,1.6899757504043238
local,Cp,6.0,0.1,ISO,0.0384108708270769,1.4405124938421645
local,Cp,6.0,0.33,BWD,0.19160616737447628,8.013480286288965
local,Cp,6.0,0.33,FWD,0.06496602181306285,2.1469314636653567
local,Cp,6.0,0.33,ISO,0.071867283996235,2.4491583912994037
local,Cp,6.0,0.8,BWD,0.363850243432883,14.177915899637826
local,Cp,6.0,0.8,FWD,0.22743149816482766,6.691805215015521
local,Cp,6.0,0.8,ISO,0.15030453504958555,5.144791270630009
local,Cp,8.0,0.1,BWD,0.19029591205533686,8.342807989594313
local,Cp,8.0,0.1,FWD,0.2594214515202582,8.860132061109743
local,Cp,8.0,0.1,ISO,0.16016835333217613,6.201014265871367
local,Cp,8.0,0.33,BWD,0.09381321097113994,3.3150297114758165
local,Cp,8.0,0.33,FWD,0.05259125738365086,1.591015825865141
local,Cp,8.0,0.33,ISO,0.05153149718916443,1.8185264376674837
local,Cp,8.0,0.8,BWD,0.22376697227532882,8.783236900292184
local,Cp,8.0,0.8,FWD,0.06239343055650195,1.8353758466754841
local,Cp,8.0,0.8,ISO,0.06827404709858943,2.1693644090562336
local,Cq,4.0,0.1,BWD,0.26886922566859056,9.279906268960294
local,Cq,4.0,0.1,FWD,0.25614230368438595,6.007015051737976
local,Cq,4.0,0.1,ISO,0.11074188780576107,3.0296996118483444
local,Cq,4.0,0.33,BWD,0.33088353393088143,12.299087154841303
local,Cq,4.0,0.33,FWD,0.35735854660159044,7.81009644779505
local,Cq,4.0,0.33,ISO,0.14214277755258306,4.187520094228972
local,Cq,4.0,0.8,BWD,0.6681821774148908,25.49294755840689
local,Cq,4.0,0.8,FWD,0.502126715993866,10.627291620120912
local,Cq,4.0,0.8,ISO,0.2396683298332077,7.224513655896555
local,Cq,6.0,0.1,BWD,0.10127979321029679,2.581215847094134
local,Cq,6.0,0.1,FWD,0.14237943905384026,2.5376990640600012
local,Cq,6.0,0.1,ISO,0.05431956430096211,1.2604569544365918
local,Cq,6.0,0.33,BWD,0.21394605428117988,7.200128222225875
local,Cq,6.0,0.33,FWD,0.15231909427267104,2.5993848700596436
local,Cq,6.0,0.33,ISO,0.10692067674871535,1.9996266769578377
local,Cq,6.0,0.8,BWD,0.43470915333873295,15.234153636983347
local,Cq,6.0,0.8,FWD,0.40087727618882996,5.20801597767111
local,Cq,6.0,0.8,ISO,0.1882159625031595,3.63275095901039
local,Cq,8.0,0.1,BWD,0.146782441332364,4.2562436831287584
local,Cq,8.0,0.1,FWD,0.3327735989039598,3.435088738884874
local,Cq,8.0,0.1,ISO,0.206356739970721,4.0989425526765
local,Cq,8.0,0.33,BWD,0.05484420142486643,1.6204821266446476
local,Cq,8.0,0.33,FWD,0.08831757216607078,1.4601293852620185
local,Cq,8.0,0.33,ISO,0.10899349579446467,2.6198573150783093
local,Cq,8.0,0.8,BWD,0.1718778654418462,5.870761119785391
local,Cq,8.0,0.8,FWD,0.12109128385901827,2.2460149726180303
local,Cq,8.0,0.8,ISO,0.11414316316382876,2.9107772531290697
local,tau_abs,4.0,0.1,BWD,0.133236379691539,2.023258166391274
local,tau_abs,4.0,0.1,FWD,0.4389086215825251,12.060466613078672
local,tau_abs,4.0,0.1,ISO,0.24612716026668957,3.260010513902448
local,tau_abs,4.0,0.33,BWD,0.21391295638210825,3.9400975823886224
local,tau_abs,4.0,0.33,FWD,0.5381604563302139,26.510808225750246
local,tau_abs,4.0,0.33,ISO,0.31596717889365217,4.4700590709701205
local,tau_abs,4.0,0.8,BWD,0.6009299376514685,12.792124385076043
local,tau_abs,4.0,0.8,FWD,0.2923690371155515,13.18937048837605
local,tau_abs,4.0,0.8,ISO,0.9060796120347203,14.48189911015279
local,tau_abs,6.0,0.1,BWD,0.21751491334219322,2.650581070137852
local,tau_abs,6.0,0.1,FWD,0.2978571179915275,7.510630875727858
local,tau_abs,6.0,0.1,ISO,0.27800612361107346,2.8535814632690517
local,tau_abs,6.0,0.33,BWD,0.1064630042556272,1.5414867422560887
local,tau_abs,6.0,0.33,FWD,0.2620045033169544,8.431674536964609
local,tau_abs,6.0,0.33,ISO,0.25611460253159524,3.681713374060871
local,tau_abs,6.0,0.8,BWD,0.3384606737962629,4.998364892359816
local,tau_abs,6.0,0.8,FWD,0.26190789482461163,8.47367609546916
local,tau_abs,6.0,0.8,ISO,0.4775152070082488,7.006251428950225
local,tau_abs,8.0,0.1,BWD,0.38939236996353527,5.008704720563374
local,tau_abs,8.0,0.1,FWD,0.48331106450387895,14.876226560837852
local,tau_abs,8.0,0.1,ISO,0.47422077521012707,5.142651904101305
local,tau_abs,8.0,0.33,BWD,0.1910399046481895,4.197706435630267
local,tau_abs,8.0,0.33,FWD,0.3178317737657252,7.819575249451657
local,tau_abs,8.0,0.33,ISO,0.1878283904880429,3.1204618976165084
local,tau_abs,8.0,0.8,BWD,0.1248302417907093,3.565744238639696
local,tau_abs,8.0,0.8,FWD,0.2152494653501356,9.541420369466131
local,tau_abs,8.0,0.8,ISO,0.2011705856212504,3.492717019193787
parameter_only,Cp,4.0,0.1,BWD,0.6287634306550365,28.77584414405701
parameter_only,Cp,4.0,0.1,FWD,0.7085823679511875,28.160056244440813
parameter_only,Cp,4.0,0.1,ISO,0.6093945507940133,25.978325607972614
parameter_only,Cp,4.0,0.33,BWD,0.9977493663662703,43.69058901451702
parameter_only,Cp,4.0,0.33,FWD,1.0664196950006237,39.579831128724265
parameter_only,Cp,4.0,0.33,ISO,0.9817106756709855,38.85360388765034
parameter_only,Cp,4.0,0.8,BWD,1.2727311712429235,49.7648065587902
parameter_only,Cp,4.0,0.8,FWD,1.3563199518394182,44.96010303021584
parameter_only,Cp,4.0,0.8,ISO,1.1818176952457753,41.87806987149036
parameter_only,Cp,6.0,0.1,BWD,0.05114131522398672,1.844489208595833
parameter_only,Cp,6.0,0.1,FWD,0.048886100396031806,1.7629592594040722
parameter_only,Cp,6.0,0.1,ISO,0.020481693813420253,0.7003670530545963
parameter_only,Cp,6.0,0.33,BWD,0.19685853104480258,8.604472214188618
parameter_only,Cp,6.0,0.33,FWD,0.19995541093085337,7.402746846565261
parameter_only,Cp,6.0,0.33,ISO,0.22566027070666067,9.045956659824103
parameter_only,Cp,6.0,0.8,BWD,0.2979225607673953,12.428439054922782
parameter_only,Cp,6.0,0.8,FWD,0.2846303121865886,10.120623767765307
parameter_only,Cp,6.0,0.8,ISO,0.2657999442293274,10.024087614929066
parameter_only,Cp,8.0,0.1,BWD,0.4265755447188589,18.55688517072449
parameter_only,Cp,8.0,0.1,FWD,0.40814916401697576,14.758765810136598
parameter_only,Cp,8.0,0.1,ISO,0.38920865702847557,15.422115305627377
parameter_only,Cp,8.0,0.33,BWD,0.13079836715317705,5.308557860308499
parameter_only,Cp,8.0,0.33,FWD,0.18385046557775428,6.286549566939323
parameter_only,Cp,8.0,0.33,ISO,0.16005143002649835,5.489812046725311
parameter_only,Cp,8.0,0.8,BWD,0.06781704475384362,2.0274611980494917
parameter_only,Cp,8.0,0.8,FWD,0.05412405095425532,1.8665869788187446
parameter_only,Cp,8.0,0.8,ISO,0.06151290877723765,2.1193002895109623
parameter_only,Cq,4.0,0.1,BWD,1.5326868734772405,48.94141415332017
parameter_only,Cq,4.0,0.1,FWD,1.6297790119548474,26.99961586388897
parameter_only,Cq,4.0,0.1,ISO,1.8501606645290167,40.71047287928178
parameter_only,Cq,4.0,0.33,BWD,1.4664946937369367,53.86726837711733
parameter_only,Cq,4.0,0.33,FWD,1.6846979529113764,31.760981365855958
parameter_only,Cq,4.0,0.33,ISO,1.3975953007677266,37.23213841998802
parameter_only,Cq,4.0,0.8,BWD,1.6069503504725207,64.50143670625526
parameter_only,Cq,4.0,0.8,FWD,1.8290509520240075,42.43931162477386
parameter_only,Cq,4.0,0.8,ISO,1.6649392522353896,52.87877626152905
parameter_only,Cq,6.0,0.1,BWD,0.2206834260179037,7.225953344127653
parameter_only,Cq,6.0,0.1,FWD,0.24124165801232272,4.176375806569771
parameter_only,Cq,6.0,0.1,ISO,0.18511033181768663,4.341359231297488
parameter_only,Cq,6.0,0.33,BWD,0.3058363850083651,11.002602595168812
parameter_only,Cq,6.0,0.33,FWD,0.3240367991456888,6.53322229518297
parameter_only,Cq,6.0,0.33,ISO,0.24922248537268338,6.638606117411195
parameter_only,Cq,6.0,0.8,BWD,0.366499120338149,14.083912356819088
parameter_only,Cq,6.0,0.8,FWD,0.39860796864666886,9.150964269142726
parameter_only,Cq,6.0,0.8,ISO,0.31511289579159346,9.475616954048858
parameter_only,Cq,8.0,0.1,BWD,0.4088909718328402,13.57413806083389
parameter_only,Cq,8.0,0.1,FWD,0.47083739645405537,5.9129869008436
parameter_only,Cq,8.0,0.1,ISO,0.36172056429417954,7.513648676455823
parameter_only,Cq,8.0,0.33,BWD,0.21860164170666682,8.35723951378005
parameter_only,Cq,8.0,0.33,FWD,0.25718782356125663,3.808311736117902
parameter_only,Cq,8.0,0.33,ISO,0.21953190675028894,5.968135533780312
parameter_only,Cq,8.0,0.8,BWD,0.11723002518469908,4.408262998735794
parameter_only,Cq,8.0,0.8,FWD,0.15164566150433842,3.3038151484849445
parameter_only,Cq,8.0,0.8,ISO,0.12554068464340726,3.899006613992937
parameter_only,tau_abs,4.0,0.1,BWD,0.6407305815886916,10.240733779811238
parameter_only,tau_abs,4.0,0.1,FWD,0.9130464886281371,43.789378974357255
parameter_only,tau_abs,4.0,0.1,ISO,0.5497098939451848,8.033580406054202
parameter_only,tau_abs,4.0,0.33,BWD,0.8973405977409517,18.348587333185616
parameter_only,tau_abs,4.0,0.33,FWD,1.0626035751257241,57.32642654908762
parameter_only,tau_abs,4.0,0.33,ISO,1.0205041245797442,13.840571762976758
parameter_only,tau_abs,4.0,0.8,BWD,1.11667906694694,30.29453979604297
parameter_only,tau_abs,4.0,0.8,FWD,0.7721930341981998,40.061333746964316
parameter_only,tau_abs,4.0,0.8,ISO,1.4414437841180514,22.797900117349183
parameter_only,tau_abs,6.0,0.1,BWD,0.17322242305155094,2.8423941069527907
parameter_only,tau_abs,6.0,0.1,FWD,0.1572541383388255,5.510963240400196
parameter_only,tau_abs,6.0,0.1,ISO,0.2773309279843199,3.1111336783079797
parameter_only,tau_abs,6.0,0.33,BWD,0.12753256494606652,2.300878354194589
parameter_only,tau_abs,6.0,0.33,FWD,0.32443799144150426,13.061588801528162
parameter_only,tau_abs,6.0,0.33,ISO,0.15569063155926616,2.363816110228766
parameter_only,tau_abs,6.0,0.8,BWD,0.26861733503129614,5.820476570393515
parameter_only,tau_abs,6.0,0.8,FWD,0.2659551186481879,10.789661297676691
parameter_only,tau_abs,6.0,0.8,ISO,0.3749540748255406,5.480639578021132
parameter_only,tau_abs,8.0,0.1,BWD,0.4194525130084706,5.5080561980257325
parameter_only,tau_abs,8.0,0.1,FWD,0.5011199721991476,16.91538276743397
parameter_only,tau_abs,8.0,0.1,ISO,0.530338742963268,5.86131511106432
parameter_only,tau_abs,8.0,0.33,BWD,0.2681383723032618,6.597087185000951
parameter_only,tau_abs,8.0,0.33,FWD,0.1779896632080475,5.831012236797058
parameter_only,tau_abs,8.0,0.33,ISO,0.32478634892120745,4.8008369334555505
parameter_only,tau_abs,8.0,0.8,BWD,0.13175547106747817,3.8935720654258623
parameter_only,tau_abs,8.0,0.8,FWD,0.1754554906199754,7.3107051599610475
parameter_only,tau_abs,8.0,0.8,ISO,0.19072393120866243,3.7896824471702852
