config,target,relL2,rangeMAE_pct,peak_abs_err,peak_index_error
R0p05,Cp,0.20466845871738995,7.555706449610182,0.2535484958670465,1.6666666666666667
R0p05,Cq,0.25916808205951575,6.691260145334433,0.10143472041787585,0.5185185185185185
R0p05,tau_abs,0.3468442677793811,7.878418561919578,1.2371572688943748,1.8888888888888888
R0p10,Cp,0.19675731005676922,7.392906833993762,0.22600710319613881,1.6666666666666667
R0p10,Cq,0.22795803581693336,5.941880198431422,0.09048665580529887,0.2222222222222222
R0p10,tau_abs,0.3241327599788538,7.2239142742770115,1.177402908405435,1.8888888888888888
R0p20,Cp,0.18986501687566323,7.177611187708624,0.20186061708429984,1.2962962962962963
R0p20,Cq,0.1904013104628546,5.166045520201129,0.08006478949997273,0.1111111111111111
R0p20,tau_abs,0.31484038741737347,7.5071467987633484,1.0750280863162205,1.4814814814814814
R0p35,Cp,0.19498856287366592,7.463500829138986,0.18630255868421283,1.7037037037037037
R0p35,Cq,0.17043584156838462,4.588171812719153,0.07267169595399758,0.07407407407407407
R0p35,tau_abs,0.3196773591313374,7.676245685484107,1.0587345272603004,1.2592592592592593
R0p50,Cp,0.19718837572529163,7.553948991067127,0.18646238699041684,1.6666666666666667
R0p50,Cq,0.16720106325129044,4.57052468161115,0.07092797619778604,0.1111111111111111
R0p50,tau_abs,0.32289382632617664,7.9044401345046875,1.0537321401478303,1.6296296296296295
R0p75,Cp,0.2027918765885483,7.771825491241084,0.18896552308386974,1.7037037037037037
R0p75,Cq,0.1637996085090394,4.472998706131133,0.07007219718378688,0.14814814814814814
R0p75,tau_abs,0.3110931668682275,7.7815309090684535,1.0220087802396591,1.4074074074074074
R1,Cp,0.20725460973737184,7.991387321550595,0.19443975183323794,2.185185185185185
R1,Cq,0.16285773320953773,4.483874808017579,0.07226724597862391,0.1111111111111111
R1,tau_abs,0.31284794593536214,7.919151769179138,1.0458072078099216,2.0
R1p50,Cp,0.1880836487901373,7.2213723194892045,0.17671537740857485,2.074074074074074
R1p50,Cq,0.14481712236361619,3.951049689364435,0.07291424586617794,0.07407407407407407
R1p50,tau_abs,0.3192161675459283,7.8629239253771415,1.0306111263536732,2.037037037037037
R2,Cp,0.1828153431069002,7.0181817781754825,0.18385183758665952,2.037037037037037
R2,Cq,0.15379770316575567,4.0744286008513315,0.08158838853128271,0.07407407407407407
R2,tau_abs,0.3156013157758821,7.7866726434960825,1.008012450608533,1.962962962962963
R3,Cp,0.17542433537575683,6.702325936951041,0.18608224766696305,1.962962962962963
R3,Cq,0.16211770836772768,4.3720608515615185,0.07867231639927257,0.037037037037037035
R3,tau_abs,0.3170683961527763,8.094652927233616,1.0646551260671546,2.074074074074074
full,Cp,0.13762076475165771,5.26267884185529,0.175097214570092,1.8148148148148149
full,Cq,0.12894235661052586,3.4298094100460723,0.06548058605513789,0.037037037037037035
full,tau_abs,0.3184865765802852,7.885051064392896,1.029066231160485,1.5185185185185186
local,Cp,0.19506671481526924,7.318066097797494,0.23253354134841436,1.7407407407407407
local,Cq,0.2228245509052328,5.804807659983068,0.09431700412998158,0.4074074074074074
local,tau_abs,0.3246818500728947,7.283009741880829,1.1860055855827794,1.8518518518518519
parameter_only,Cp,0.45470046952119914,17.607829829405514,0.39171994741254673,1.1851851851851851
parameter_only,Cq,0.7259219554885873,19.581687918696453,0.1459817122813543,0.0
parameter_only,tau_abs,0.4910743280813964,13.204527937328434,1.323838001910526,0.37037037037037035
