case_id,phase,geom,split_label,is_val,Ma,Kn,hphs,TwTinf,Tref,Pref,n_reference_points,n_eval_points,true_Tmax,pred_Tmax,abs_err_Tmax,true_Pmax,pred_Pmax,abs_err_Pmax,true_Tmean,pred_Tmean,abs_err_Tmean,true_Pmean,pred_Pmean,abs_err_Pmean,true_Smax,pred_Smax,abs_err_Smax,true_Smean,pred_Smean,abs_err_Smean,true_Smin,pred_Smin,abs_err_Smin,true_Umean,pred_Umean,abs_err_Umean,true_x_Tmax,pred_x_Tmax,abs_err_x_Tmax,true_y_Tmax,pred_y_Tmax,abs_err_y_Tmax,peak_dist_Tmax,true_x_Pmax,pred_x_Pmax,abs_err_x_Pmax,true_y_Pmax,pred_y_Pmax,abs_err_y_Pmax,peak_dist_Pmax,true_x_Smax,pred_x_Smax,abs_err_x_Smax,true_y_Smax,pred_y_Smax,abs_err_y_Smax,peak_dist_Smax,true_fraction_S_lt_minus_0p1,pred_fraction_S_lt_minus_0p1,S_relL2,S_rangeMAE_pct
PHASE1__Ma6_Kn0.33_BWD_hphs1.5_Tw1,PHASE1,BWD,val_phase1_Ma6_Kn033,True,6.0,0.33,1.5,1.0,310.5320129394531,0.5721909999847412,15038,74325,1963.4100341796875,1980.5546875,17.1446533203125,9.807648658752441,9.151091575622559,0.6565570831298828,845.8151645148952,866.9757421057914,21.160577590896196,2.3025657105199264,2.2370873749228064,0.06547833559712002,2.4284913044155436,2.8193650560642793,0.3908737516487357,1.0307635125918058,1.120917737120018,0.09015422452821231,-1.5667097723803187,-0.6855212158525674,0.8811885565277513,1479.8198549835922,1467.1873527676782,12.632502215913973,-1.7031249999999998,-1.5468750000000002,0.15624999999999956,1.671875,1.703125,0.03125,0.1593443597997741,-0.390625,-0.1718750000000005,0.2187499999999995,1.203125,1.328125,0.125,0.2519455546343292,2.8249999999999997,-0.015624999999999667,2.8406249999999993,1.425,1.421875,0.0031250000000000444,2.840626718921371,0.006162125798856374,0.002125798856374033,0.10164496594234787,3.904771669629987
PHASE1__Ma6_Kn0.33_FWD_hphs1.5_Tw1,PHASE1,FWD,val_phase1_Ma6_Kn033,True,6.0,0.33,1.5,1.0,301.2300109863281,0.5532785058021545,9956,74325,2134.889892578125,2136.71826171875,1.828369140625,14.495999336242676,12.93321418762207,1.5627851486206055,912.2372429530981,928.1561059151504,15.918862962052344,2.5947598964102214,2.495337357376707,0.09942253903351439,2.588220720029924,2.860712120218457,0.272491400188533,1.1792297632665956,1.2701307612166854,0.09090099795008988,-2.981877808593697,-1.839384697041711,1.1424931115519863,1441.3323390465741,1425.650216684107,15.682122362467226,-1.48215,-1.4106999999999994,0.07145000000000068,1.6607125,1.6607125,0.0,0.07145000000000068,0.015625000000001055,0.015625000000001055,0.0,1.421875,1.2656249999999998,0.15625000000000022,0.15625000000000022,1.890625,-11.0,12.890625,1.2656249999999998,0.1,1.1656249999999997,12.943218090229724,0.01470568449377733,0.011934073326606122,0.09270149996223372,2.917021450705888
PHASE1__Ma6_Kn0.33_ISO_hphs1.5_Tw1,PHASE1,ISO,val_phase1_Ma6_Kn033,True,6.0,0.33,1.5,1.0,303.70249938964844,0.5583579838275909,12320,74322,2062.639892578125,2076.23193359375,13.592041015625,12.233199119567871,12.137579917907715,0.09561920166015625,883.3809328094364,901.1295392481004,17.748606438663955,2.471183814390468,2.4431354564376684,0.028048357952799474,2.515687931327906,2.8119114617920005,0.29622353046409433,1.1172188633698013,1.1846271990963313,0.06740833572653004,-2.3202582185147396,-1.466618857697242,0.8536393608174975,1457.7184439132361,1447.6725881476734,10.045855765562692,-1.4843750000000002,-1.4531250000000009,0.031249999999999334,1.703125,1.671875,0.03125,0.04419417382415875,-0.07812499999999972,-0.07812499999999972,0.0,1.296875,1.296875,0.0,0.0,2.2678500000000006,0.046874999999999,2.2209750000000015,1.3392875,1.390625,0.051337500000000036,2.221568250027727,0.009337746562256128,0.006902397674981835,0.07592230085735634,2.974038904766506
PHASE2__Ma6_Kn0.1_BWD_hphs1.25_Tw1,PHASE2,BWD,val_phase2_h125,True,6.0,0.1,1.25,1.0,300.0270080566406,1.8182599544525146,15043,74447,1804.1400146484375,1823.067626953125,18.9276123046875,20.697498321533203,19.81706428527832,0.8804340362548828,645.6008706343208,644.8474495067,0.753421127620868,5.007167625498822,4.933054665827451,0.07411295967137121,2.6053192221613255,2.631076574432131,0.025757352270805445,0.7637427402835774,0.7604588017081523,0.0032839385754250827,-1.4213302118498587,-0.5873929716671618,0.833937240182697,1598.7144248192612,1599.8849109897965,1.1704861705352414,-1.1718796875187503,-1.3281303125212498,0.15625062500249953,1.4843809375237502,1.4531308125232503,0.03125012500049995,0.15934499717976278,-0.39062656250625005,-0.4218766875067494,0.03125012500049934,0.9843789375157502,0.9218786875147501,0.06250025000100012,0.06987740380648347,2.3125092500370013,3.0750123000492007,0.7625030500121994,1.062504250017,1.0750043000172,0.012500050000199936,0.7626055025554918,0.003519282173895523,0.001705911588109662,0.06520340084601509,1.7830466062599741
PHASE2__Ma6_Kn0.1_FWD_hphs1.25_Tw1,PHASE2,FWD,val_phase2_h125,True,6.0,0.1,1.25,1.0,299.99200439453125,1.8179399967193604,9956,74447,1924.010009765625,1928.097412109375,4.08740234375,30.219799041748047,26.954111099243164,3.265687942504883,685.2434066048331,682.1569262139784,3.0864803908547174,5.583782771752117,5.544376413157682,0.03940635859443464,2.7726337501024463,2.747954887085656,0.02467886301679023,0.8421198498583157,0.8327440359883449,0.009375813869970773,-2.568508553289136,-2.0663095006737593,0.5021990526153766,1578.1591569868544,1574.329184775777,3.8299722110773473,-1.0535749999999997,-1.2678499999999995,0.21427499999999977,1.4464275,1.375,0.07142749999999998,0.22586647245939337,0.015625000000001055,0.04687500000000039,0.031249999999999334,1.203125,0.984375,0.21875,0.220970869120796,1.9531250000000013,3.017850000000001,1.0647249999999997,0.984375,1.0535724999999998,0.0691974999999998,1.0669712365529116,0.01045038752401037,0.010222037153948446,0.052202836474406,1.3264671544270015
PHASE2__Ma6_Kn0.1_ISO_hphs1.25_Tw1,PHASE2,ISO,val_phase2_h125,True,6.0,0.1,1.25,1.0,300.0220031738281,1.8181899785995483,12320,74447,1880.0999755859375,1896.250732421875,16.1507568359375,25.36370086669922,24.30521011352539,1.0584907531738281,669.9940880182818,667.8398483304857,2.154239687796121,5.347638136536999,5.326035555034128,0.02160258150287131,2.7005627147478872,2.7007163577251925,0.00015364297730524612,0.8064400545329492,0.7969988274767742,0.009441227056175006,-2.0943528470269737,-1.6524494411878892,0.4419034058390845,1585.4589305823843,1586.286061423169,0.8271308407847755,-0.9843749999999998,-1.2343750000000013,0.25000000000000155,1.515625,1.421875,0.09375,0.2670001170411743,-0.07812499999999972,-0.10937500000000044,0.03125000000000072,1.078125,1.015625,0.0625,0.06987712429686875,2.01785,3.0208249999999977,1.0029749999999975,1.0178575,1.0624999999999998,0.044642499999999696,1.0039680290882,0.00589681249748143,0.005601300253871882,0.05016185093430149,1.4919927552870857
PHASE2__Ma6_Kn0.33_BWD_hphs1.25_Tw1,PHASE2,BWD,val_phase2_h125,True,6.0,0.33,1.25,1.0,310.12200927734375,0.5713509917259216,15043,74447,1873.0699462890625,1906.185546875,33.1156005859375,8.2548189163208,7.4433207511901855,0.8114981651306152,814.7891755597831,830.4147809877538,15.625605427970754,2.097221634989909,2.0189858963540788,0.07823573863583011,2.407810090014645,2.61953418941911,0.2117240994044649,1.0019358338891327,1.0810851681478961,0.07914933425876347,-1.2422055864474792,-0.35724572916229347,0.8849598572851858,1512.6131510230605,1511.2402944987675,1.3728565242929562,-1.57813131252525,-1.4531308125232512,0.12500050000199892,1.5156310625242502,1.5468811875247503,0.03125012500050017,0.12884756619081564,-0.4218766875067494,-0.48437693750775085,0.06250025000100146,0.9843789375157502,0.8593784375137502,0.12500050000200003,0.13975480761296796,2.7250109000436002,0.01562506250024967,2.7093858375433504,1.3250053000212003,1.2656300625202501,0.059375237500950195,2.7100363531710743,0.004070009536986044,0.0005372949883809959,0.09256385259576451,3.449523612632186
PHASE2__Ma6_Kn0.33_FWD_hphs1.25_Tw1,PHASE2,FWD,val_phase2_h125,True,6.0,0.33,1.25,1.0,300.96449279785156,0.5529115200042725,9956,74447,2053.550048828125,2073.98779296875,20.437744140625,12.882801055908203,11.059515953063965,1.8232851028442383,870.4969744731951,878.843165258001,8.346190784805913,2.3318625351398747,2.241723980536792,0.09013855460308262,2.5630271395845927,2.9162518295627837,0.353224689978191,1.131057798455006,1.1940238468566406,0.06296604840163456,-2.864640226601883,-1.698633625097686,1.1660066015041972,1482.0008421444693,1478.6600383990346,3.3408037454346413,-1.4106999999999994,-1.3035749999999984,0.10712500000000102,1.4821425,1.4821425,0.0,0.10712500000000102,0.015625000000001055,0.015625000000001055,0.0,1.203125,0.9218749999999999,0.2812500000000001,0.2812500000000001,1.8593750000000007,-11.0,12.859375,1.140625,0.1,1.040625,12.90141177473419,0.011336924254839013,0.009469824170215052,0.07327870364784617,2.3581937675569975
PHASE2__Ma6_Kn0.33_ISO_hphs1.25_Tw1,PHASE2,ISO,val_phase2_h125,True,6.0,0.33,1.25,1.0,300.0169982910156,0.5509669780731201,18906,99572,1974.9599609375,2003.242431640625,28.282470703125,10.605198860168457,10.191391944885254,0.4138069152832031,643.1121319554088,651.7999868633921,8.687854907983251,1.532615549974624,1.497072355790227,0.03554319418439689,2.500953164089128,2.7129458725683944,0.21199270847926632,0.7420829545260653,0.7911038291556783,0.04902087462961302,-2.022698909926568,-1.2512271611014532,0.7714717488251148,1622.9225669656062,1628.99210899155,6.069542025943747,-1.3541750000000006,-1.3541750000000006,0.0,1.5625,1.5208325,0.04166749999999997,0.04166749999999997,-0.07812499999999972,-0.14062500000000117,0.06250000000000144,1.078125,0.9218749999999999,0.1562500000000001,0.16828640022295388,2.1750000000000007,-11.8125,13.9875,1.225,0.0625,1.1625,14.035724509265634,0.004840718274213634,0.00336439963041819,0.07298702003669702,2.195244592916425
PHASE3__Ma6_Kn0.1_BWD_hphs1.5_Tw2,PHASE3,BWD,val_phase3_Tw2,True,6.0,0.1,1.5,2.0,300.0409851074219,1.8183799982070923,15038,74325,1920.56005859375,1939.898193359375,19.338134765625,24.40669822692871,24.859539031982422,0.45284080505371094,686.2633178702725,682.8033154444689,3.460002425803623,5.6883845517701905,5.731207584149502,0.042823032379311066,2.861900581053321,3.0805310735203055,0.21863049246698463,0.8267132765366914,0.8095140402350247,0.017199236301666643,-1.28370177130415,-0.9165356336227808,0.3671661376813693,1566.7196116414557,1562.532299896258,4.187311745197576,-1.2656250000000007,-1.2656250000000007,0.0,1.671875,1.703125,0.03125,0.03125,-0.390625,-0.23437500000000056,0.15624999999999944,1.171875,1.2656249999999998,0.09374999999999978,0.18221724671391504,0.015624999999999667,-0.015624999999999667,0.031249999999999334,1.453125,1.453125,0.0,0.031249999999999334,0.0027716111671712076,0.002744702320887992,0.05030857937927011,1.3321640043042429
PHASE3__Ma6_Kn0.1_FWD_hphs1.5_Tw2,PHASE3,FWD,val_phase3_Tw2,True,6.0,0.1,1.5,2.0,299.99798583984375,1.8179899454116821,9956,74325,1987.3199462890625,1985.00048828125,2.3194580078125,34.499202728271484,33.893497467041016,0.6057052612304688,728.5515597001431,721.3310029256637,7.220556774479405,6.284332291907507,6.288512796401336,0.004180504493828785,3.085872108240825,3.029422823924157,0.056449284316667736,0.9199275175501159,0.8981846026139164,0.02174291493619951,-2.2226062353641733,-1.671009329699767,0.5515969056644063,1546.4471970831598,1539.5775928163712,6.869604266788656,-1.0535749999999997,-1.3393000000000002,0.28572500000000045,1.6607125,1.5535725,0.10714000000000001,0.30515201986059387,0.015625000000001055,-0.015624999999999667,0.03125000000000072,1.421875,1.421875,0.0,0.03125000000000072,0.8906250000000004,0.8906250000000004,0.0,1.015625,1.078125,0.0625,0.0625,0.011597712748065927,0.011557349478641104,0.043354055279935466,1.1292420771645273
PHASE3__Ma6_Kn0.1_ISO_hphs1.5_Tw2,PHASE3,ISO,val_phase3_Tw2,True,6.0,0.1,1.5,2.0,300.0090026855469,1.818100094795227,12320,74322,1964.719970703125,1975.200927734375,10.48095703125,29.320796966552734,29.99327850341797,0.6724815368652344,710.6365495125741,704.3204920187643,6.316057493809808,6.051142413959395,6.060107693111822,0.008965279152426398,3.1161209763450315,2.969980498602727,0.14614047774230432,0.8725923898707996,0.8537254624668945,0.018866927403905054,-1.7887096496729276,-1.4688003529795344,0.3199092966933932,1553.1052648087853,1546.7168565976888,6.3884082110964755,-0.9531250000000004,-1.2343750000000013,0.2812500000000009,1.7343750000000002,1.640625,0.09375000000000022,0.29646353064078645,-0.04687500000000039,-0.07812499999999972,0.031249999999999334,1.359375,1.390625,0.03125,0.04419417382415875,0.07812499999999972,0.046874999999999,0.03125000000000072,1.359375,1.390625,0.03125,0.04419417382415973,0.006471838755684723,0.006915852641209871,0.048965110922979296,1.3093374744100714
PHASE3__Ma6_Kn0.33_BWD_hphs1.5_Tw2,PHASE3,BWD,val_phase3_Tw2,True,6.0,0.33,1.5,2.0,310.78700256347656,0.5725840330123901,15038,74325,2020.8499755859375,2031.392578125,10.5426025390625,9.751819610595703,9.418472290039062,0.3333473205566406,875.757257690635,890.4038058292044,14.646548138569415,2.393178789975705,2.3181389824392977,0.07503980753640738,2.578201436087261,3.132241158058445,0.5540397219711841,1.0812135879072473,1.1490988596317973,0.06788527172454994,-1.0744504432267519,-0.5056524088916725,0.5687980343350794,1471.89983384238,1462.3007310659434,9.599102776436666,-1.7343750000000004,-1.5468750000000002,0.18750000000000022,1.703125,1.7343750000000002,0.03125000000000022,0.19008632907181963,-0.35937500000000067,-0.1718750000000005,0.18750000000000017,1.140625,1.328125,0.1875,0.26516504294495546,0.9821500000000011,-0.015624999999999667,0.9977750000000007,1.1964275,1.453125,0.2566975,1.030266255455963,0.0024217961654894047,0.0011705348133198789,0.0680248602889117,2.8412524577945657
PHASE3__Ma6_Kn0.33_FWD_hphs1.5_Tw2,PHASE3,FWD,val_phase3_Tw2,True,6.0,0.33,1.5,2.0,301.29150390625,0.5534124970436096,9956,74325,2157.75,2161.770263671875,4.020263671875,14.815500259399414,13.105429649353027,1.7100706100463867,930.1894809556352,938.8222257593734,8.632744803738206,2.6320025911140315,2.53421671711352,0.09778587400051153,2.845103667142026,3.0127107888839237,0.16760712174189774,1.213927945301933,1.2787669391724128,0.06483899387047987,-2.3489144004270237,-1.5886190218212093,0.7602953786058144,1439.405173578266,1428.8874614146048,10.517712163661145,-1.4464249999999998,-1.4106999999999994,0.03572500000000045,1.6964275,1.6607125,0.03571499999999994,0.050515708942862794,0.015625000000001055,0.015625000000001055,0.0,1.421875,1.2656249999999998,0.15625000000000022,0.15625000000000022,0.5781250000000001,0.32812499999999994,0.25000000000000017,1.171875,1.2656249999999998,0.09374999999999978,0.26700011704117294,0.01305079044735957,0.0103464513958964,0.06278697031404643,2.203491891440294
PHASE3__Ma6_Kn0.33_ISO_hphs1.5_Tw2,PHASE3,ISO,val_phase3_Tw2,True,6.0,0.33,1.5,2.0,303.906494140625,0.5586855113506317,12320,74322,2100.830078125,2106.387451171875,5.557373046875,12.273698806762695,12.315437316894531,0.04173851013183594,905.7538669818485,915.3645244883867,9.610657506538132,2.5322918845424067,2.485843146582494,0.046448737959912556,2.7468670090642853,3.109891420489665,0.3630244114253798,1.1563298774473147,1.2024913782205642,0.04616150077324943,-1.7389880431050087,-1.214175774369933,0.5248122687350756,1453.1282816219273,1444.9751828113617,8.153098810565552,-1.517850000000001,-1.4843750000000002,0.03347500000000081,1.7321425000000001,1.671875,0.06026750000000014,0.06894017102713099,-0.04687500000000039,-0.04687500000000039,0.0,1.359375,1.359375,0.0,0.0,0.2656249999999985,0.046874999999999,0.2187499999999995,1.296875,1.390625,0.09375,0.23799290955824667,0.0069293076074379055,0.005059067301741073,0.0522076253937285,2.1021780645630503
