target,geom,Kn,R95_over_hs,R95_over_lambda_assuming_Kn_based_on_hp,full_relL2,best_relL2
Cp,BWD,0.1,0.05,0.3333333333333333,0.0829243552849344,0.08119850798308044
Cp,BWD,0.33,0.775,1.5656565656565657,0.14912517995726066,0.1257299146392422
Cp,BWD,0.8,0.05,0.041666666666666664,0.42238265224254556,0.3057590682957769
Cp,FWD,0.1,0.07500000000000001,0.5,0.12092256451880858,0.09953882598100176
Cp,FWD,0.33,0.05,0.10101010101010102,0.07485526284324372,0.05292823082062337
Cp,FWD,0.8,0.05,0.041666666666666664,0.19157237092699927,0.15435973992643412
Cp,ISO,0.1,0.19999999999999998,1.3333333333333333,0.07329106315427035,0.05029662064116628
Cp,ISO,0.33,0.775,1.5656565656565657,0.06023662263846189,0.04499440330117579
Cp,ISO,0.8,0.1,0.08333333333333333,0.063276811198395,0.05764207571478589
Cq,BWD,0.1,3.0,19.999999999999996,0.07111166653627628,0.06547445407453988
Cq,BWD,0.33,0.48333333333333334,0.9764309764309765,0.07919696583872572,0.060895337870126055
Cq,BWD,0.8,1.5166666666666666,1.2638888888888886,0.2779713083573816,0.21407304048986417
Cq,FWD,0.1,0.07500000000000001,0.5,0.23207219217120842,0.21026167824100425
Cq,FWD,0.33,0.2,0.4040404040404041,0.09319736179291478,0.08903707468374537
Cq,FWD,0.8,1.0166666666666666,0.847222222222222,0.16936708289865773,0.12301209433907645
Cq,ISO,0.1,0.6,3.9999999999999996,0.11705885698063179,0.0821777323541542
Cq,ISO,0.33,0.4833333333333334,0.9764309764309765,0.06934935012911922,0.03838741057404509
Cq,ISO,0.8,1.375,1.1458333333333333,0.051156424789817245,0.035270273826639865
tau_abs,BWD,0.1,0.10000000000000002,0.6666666666666666,0.3395555486449143,0.21359806447279459
tau_abs,BWD,0.33,0.3,0.6060606060606061,0.12030496306899813,0.08959050932123096
tau_abs,BWD,0.8,1.3499999999999999,1.1249999999999998,0.19255443386701812,0.13447215785761654
tau_abs,FWD,0.1,0.05000000000000001,0.3333333333333333,0.518049120066085,0.33884653328709463
tau_abs,FWD,0.33,0.5333333333333333,1.0774410774410774,0.3906785318055108,0.3022764566613903
tau_abs,FWD,0.8,0.3666666666666667,0.3055555555555555,0.2622291433842466,0.2058584770439822
tau_abs,ISO,0.1,0.05000000000000001,0.3333333333333333,0.4317839264061783,0.3144032281293206
tau_abs,ISO,0.33,0.21666666666666667,0.4377104377104377,0.18425142936012215,0.15532539896472206
tau_abs,ISO,0.8,0.19999999999999998,0.16666666666666666,0.42697209261949326,0.2865186395184697
