case_id,target,Ma,Kn,geom,hphs,TwTinf,full_relL2,threshold_1p05_full,R95_over_hs,R95_label,R95_over_lambda_assuming_Kn_based_on_hp,best_config,best_relL2
PHASE1__Ma4_Kn0.1_BWD_hphs1.5_Tw1,Cp,4.0,0.1,BWD,1.5,1.0,0.06694628598786403,0.07029360028725724,,not_reached,,full,0.06694628598786403
PHASE1__Ma4_Kn0.1_BWD_hphs1.5_Tw1,Cq,4.0,0.1,BWD,1.5,1.0,0.05883683723586412,0.06177867909765733,,not_reached,,full,0.05883683723586412
PHASE1__Ma4_Kn0.1_BWD_hphs1.5_Tw1,tau_abs,4.0,0.1,BWD,1.5,1.0,0.34368425395506647,0.3608684666528198,0.05,R0p05,0.3333333333333333,R0p05,0.10986160261500949
PHASE1__Ma4_Kn0.1_FWD_hphs1.5_Tw1,Cp,4.0,0.1,FWD,1.5,1.0,0.05446578077255199,0.0571890698111796,,not_reached,,full,0.05446578077255199
PHASE1__Ma4_Kn0.1_FWD_hphs1.5_Tw1,Cq,4.0,0.1,FWD,1.5,1.0,0.2436457923575853,0.2558280819754646,0.1,R0p10,0.6666666666666666,R0p20,0.23234754600390306
PHASE1__Ma4_Kn0.1_FWD_hphs1.5_Tw1,tau_abs,4.0,0.1,FWD,1.5,1.0,0.6359974421309327,0.6677973142374793,0.05,R0p05,0.3333333333333333,R0p75,0.40266507945667845
PHASE1__Ma4_Kn0.1_ISO_hphs1.5_Tw1,Cp,4.0,0.1,ISO,1.5,1.0,0.052115705465412145,0.05472149073868275,0.35,R0p35,2.333333333333333,R2,0.02853020794151564
PHASE1__Ma4_Kn0.1_ISO_hphs1.5_Tw1,Cq,4.0,0.1,ISO,1.5,1.0,0.12263968884928655,0.12877167329175088,0.2,R0p20,1.3333333333333333,R0p35,0.08035115570158835
PHASE1__Ma4_Kn0.1_ISO_hphs1.5_Tw1,tau_abs,4.0,0.1,ISO,1.5,1.0,0.41700128721044744,0.4378513515709698,0.05,R0p05,0.3333333333333333,R0p05,0.24240508908692396
PHASE1__Ma4_Kn0.33_BWD_hphs1.5_Tw1,Cp,4.0,0.33,BWD,1.5,1.0,0.16184894325822635,0.16994139042113768,,not_reached,,full,0.16184894325822635
PHASE1__Ma4_Kn0.33_BWD_hphs1.5_Tw1,Cq,4.0,0.33,BWD,1.5,1.0,0.09156993373335488,0.09614843042002263,1.0,R1,2.0202020202020203,R1p50,0.07700512365368663
PHASE1__Ma4_Kn0.33_BWD_hphs1.5_Tw1,tau_abs,4.0,0.33,BWD,1.5,1.0,0.09243983205756388,0.09706182366044208,0.75,R0p75,1.5151515151515151,R1,0.07899255204081299
PHASE1__Ma4_Kn0.33_FWD_hphs1.5_Tw1,Cp,4.0,0.33,FWD,1.5,1.0,0.07124198105017522,0.07480408010268398,,not_reached,,full,0.07124198105017522
PHASE1__Ma4_Kn0.33_FWD_hphs1.5_Tw1,Cq,4.0,0.33,FWD,1.5,1.0,0.12280856132799242,0.12894898939439206,,not_reached,,full,0.12280856132799242
PHASE1__Ma4_Kn0.33_FWD_hphs1.5_Tw1,tau_abs,4.0,0.33,FWD,1.5,1.0,0.4731232211347405,0.49677938219147755,1.5,R1p50,3.0303030303030303,R2,0.4668352034591691
PHASE1__Ma4_Kn0.33_ISO_hphs1.5_Tw1,Cp,4.0,0.33,ISO,1.5,1.0,0.06223132523861959,0.06534289150055057,1.5,R1p50,3.0303030303030303,R3,0.05707882262153209
PHASE1__Ma4_Kn0.33_ISO_hphs1.5_Tw1,Cq,4.0,0.33,ISO,1.5,1.0,0.07340928373591696,0.07707974792271281,0.35,R0p35,0.7070707070707071,R1p50,0.044227647140548505
PHASE1__Ma4_Kn0.33_ISO_hphs1.5_Tw1,tau_abs,4.0,0.33,ISO,1.5,1.0,0.15530669956782472,0.16307203454621597,0.35,R0p35,0.7070707070707071,R0p35,0.1526943211717894
PHASE1__Ma4_Kn0.8_BWD_hphs1.5_Tw1,Cp,4.0,0.8,BWD,1.5,1.0,0.5515375993660918,0.5791144793343964,,not_reached,,full,0.5515375993660918
PHASE1__Ma4_Kn0.8_BWD_hphs1.5_Tw1,Cq,4.0,0.8,BWD,1.5,1.0,0.33411658580255466,0.3508224150926824,3.0,R3,2.4999999999999996,R3,0.30738823101940466
PHASE1__Ma4_Kn0.8_BWD_hphs1.5_Tw1,tau_abs,4.0,0.8,BWD,1.5,1.0,0.2665220327424733,0.279848134379597,2.0,R2,1.6666666666666665,R3,0.18554837457600976
PHASE1__Ma4_Kn0.8_FWD_hphs1.5_Tw1,Cp,4.0,0.8,FWD,1.5,1.0,0.25236213201130087,0.2649802386118659,,not_reached,,full,0.25236213201130087
PHASE1__Ma4_Kn0.8_FWD_hphs1.5_Tw1,Cq,4.0,0.8,FWD,1.5,1.0,0.2239376993121562,0.23513458427776404,1.5,R1p50,1.2499999999999998,R3,0.19860364975246733
PHASE1__Ma4_Kn0.8_FWD_hphs1.5_Tw1,tau_abs,4.0,0.8,FWD,1.5,1.0,0.23775229505897633,0.24963990981192516,1.0,R1,0.8333333333333333,R2,0.22892763712925854
PHASE1__Ma4_Kn0.8_ISO_hphs1.5_Tw1,Cp,4.0,0.8,ISO,1.5,1.0,0.07430987138385295,0.0780253649530456,,not_reached,,full,0.07430987138385295
PHASE1__Ma4_Kn0.8_ISO_hphs1.5_Tw1,Cq,4.0,0.8,ISO,1.5,1.0,0.03597168265836788,0.037770266791286276,,not_reached,,full,0.03597168265836788
PHASE1__Ma4_Kn0.8_ISO_hphs1.5_Tw1,tau_abs,4.0,0.8,ISO,1.5,1.0,0.6166756775990387,0.6475094614789907,0.35,R0p35,0.29166666666666663,R1p50,0.41322505808164767
PHASE1__Ma6_Kn0.1_BWD_hphs1.5_Tw1,Cp,6.0,0.1,BWD,1.5,1.0,0.0563188571295486,0.05913479998602603,0.05,R0p05,0.3333333333333333,parameter_only,0.05114131522398672
PHASE1__Ma6_Kn0.1_BWD_hphs1.5_Tw1,Cq,6.0,0.1,BWD,1.5,1.0,0.049966876670565145,0.052465220504093406,,not_reached,,full,0.049966876670565145
PHASE1__Ma6_Kn0.1_BWD_hphs1.5_Tw1,tau_abs,6.0,0.1,BWD,1.5,1.0,0.31179923537809767,0.32738919714700254,0.05,R0p05,0.3333333333333333,parameter_only,0.17322242305155094
PHASE1__Ma6_Kn0.1_FWD_hphs1.5_Tw1,Cp,6.0,0.1,FWD,1.5,1.0,0.07254322120264486,0.07617038226277711,0.05,R0p05,0.3333333333333333,R0p10,0.039658286389121146
PHASE1__Ma6_Kn0.1_FWD_hphs1.5_Tw1,Cq,6.0,0.1,FWD,1.5,1.0,0.1883744358136469,0.19779315760432925,0.05,R0p05,0.3333333333333333,R0p20,0.13424114037671656
PHASE1__Ma6_Kn0.1_FWD_hphs1.5_Tw1,tau_abs,6.0,0.1,FWD,1.5,1.0,0.40968685424904144,0.43017119696149353,0.05,R0p05,0.3333333333333333,parameter_only,0.1572541383388255
PHASE1__Ma6_Kn0.1_ISO_hphs1.5_Tw1,Cp,6.0,0.1,ISO,1.5,1.0,0.06587952382883593,0.06917350002027772,0.05,R0p05,0.3333333333333333,parameter_only,0.020481693813420253
PHASE1__Ma6_Kn0.1_ISO_hphs1.5_Tw1,Cq,6.0,0.1,ISO,1.5,1.0,0.07606843508317748,0.07987185683733636,0.1,R0p10,0.6666666666666666,R0p20,0.04121930240886464
PHASE1__Ma6_Kn0.1_ISO_hphs1.5_Tw1,tau_abs,6.0,0.1,ISO,1.5,1.0,0.3933823220998681,0.41305143820486157,0.05,R0p05,0.3333333333333333,R0p10,0.25059269124413747
PHASE1__Ma6_Kn0.33_BWD_hphs1.5_Tw1,Cp,6.0,0.33,BWD,1.5,1.0,0.1311339505822597,0.13769064811137272,1.5,R1p50,3.0303030303030303,R2,0.12152758968836037
PHASE1__Ma6_Kn0.33_BWD_hphs1.5_Tw1,Cq,6.0,0.33,BWD,1.5,1.0,0.09077742998976925,0.09531630148925771,0.35,R0p35,0.7070707070707071,R1p50,0.06508064763709051
PHASE1__Ma6_Kn0.33_BWD_hphs1.5_Tw1,tau_abs,6.0,0.33,BWD,1.5,1.0,0.09155767139377186,0.09613555496346045,0.1,R0p10,0.20202020202020204,R0p50,0.06272787424572046
PHASE1__Ma6_Kn0.33_FWD_hphs1.5_Tw1,Cp,6.0,0.33,FWD,1.5,1.0,0.05099366920415234,0.05354335266435996,,not_reached,,full,0.05099366920415234
PHASE1__Ma6_Kn0.33_FWD_hphs1.5_Tw1,Cq,6.0,0.33,FWD,1.5,1.0,0.09104857867791727,0.09560100761181313,,not_reached,,full,0.09104857867791727
PHASE1__Ma6_Kn0.33_FWD_hphs1.5_Tw1,tau_abs,6.0,0.33,FWD,1.5,1.0,0.31429854674683044,0.330013474084172,0.05,R0p05,0.10101010101010102,local,0.2620045033169544
PHASE1__Ma6_Kn0.33_ISO_hphs1.5_Tw1,Cp,6.0,0.33,ISO,1.5,1.0,0.04149614190038187,0.04357094899540096,,not_reached,,full,0.04149614190038187
PHASE1__Ma6_Kn0.33_ISO_hphs1.5_Tw1,Cq,6.0,0.33,ISO,1.5,1.0,0.034288738568821225,0.036003175497262285,1.0,R1,2.0202020202020203,full,0.034288738568821225
PHASE1__Ma6_Kn0.33_ISO_hphs1.5_Tw1,tau_abs,6.0,0.33,ISO,1.5,1.0,0.1883412148926585,0.19775827563729145,0.2,R0p20,0.4040404040404041,R0p35,0.1504506036612599
PHASE1__Ma6_Kn0.8_BWD_hphs1.5_Tw1,Cp,6.0,0.8,BWD,1.5,1.0,0.378930456089158,0.3978769788936159,0.05,R0p05,0.041666666666666664,parameter_only,0.2979225607673953
PHASE1__Ma6_Kn0.8_BWD_hphs1.5_Tw1,Cq,6.0,0.8,BWD,1.5,1.0,0.27153657663851394,0.2851134054704397,1.5,R1p50,1.2499999999999998,R3,0.21760086526548877
PHASE1__Ma6_Kn0.8_BWD_hphs1.5_Tw1,tau_abs,6.0,0.8,BWD,1.5,1.0,0.1758265303399113,0.18461785685690688,2.0,R2,1.6666666666666665,R3,0.10162323555566424
PHASE1__Ma6_Kn0.8_FWD_hphs1.5_Tw1,Cp,6.0,0.8,FWD,1.5,1.0,0.17538266702865601,0.18415180038008883,,not_reached,,full,0.17538266702865601
PHASE1__Ma6_Kn0.8_FWD_hphs1.5_Tw1,Cq,6.0,0.8,FWD,1.5,1.0,0.17452212894859115,0.18324823539602073,1.5,R1p50,1.2499999999999998,R1p50,0.10666957287477706
PHASE1__Ma6_Kn0.8_FWD_hphs1.5_Tw1,tau_abs,6.0,0.8,FWD,1.5,1.0,0.25539917060503337,0.26816912913528507,0.05,R0p05,0.041666666666666664,R0p20,0.2131923033827126
PHASE1__Ma6_Kn0.8_ISO_hphs1.5_Tw1,Cp,6.0,0.8,ISO,1.5,1.0,0.05509643147702149,0.05785125305087257,,not_reached,,full,0.05509643147702149
PHASE1__Ma6_Kn0.8_ISO_hphs1.5_Tw1,Cq,6.0,0.8,ISO,1.5,1.0,0.04968190734647228,0.05216600271379589,2.0,R2,1.6666666666666665,R3,0.029657532231930805
PHASE1__Ma6_Kn0.8_ISO_hphs1.5_Tw1,tau_abs,6.0,0.8,ISO,1.5,1.0,0.3889843599282118,0.40843357792462237,0.2,R0p20,0.16666666666666666,R2,0.2556069292650989
PHASE1__Ma8_Kn0.1_BWD_hphs1.5_Tw1,Cp,8.0,0.1,BWD,1.5,1.0,0.12550792273739056,0.1317833188742601,,not_reached,,full,0.12550792273739056
PHASE1__Ma8_Kn0.1_BWD_hphs1.5_Tw1,Cq,8.0,0.1,BWD,1.5,1.0,0.10453128570239954,0.10975784998751953,3.0,R3,19.999999999999996,R3,0.08761964831719037
PHASE1__Ma8_Kn0.1_BWD_hphs1.5_Tw1,tau_abs,8.0,0.1,BWD,1.5,1.0,0.36318315660157874,0.38134231443165767,0.2,R0p20,1.3333333333333333,R0p35,0.3577101677518233
PHASE1__Ma8_Kn0.1_FWD_hphs1.5_Tw1,Cp,8.0,0.1,FWD,1.5,1.0,0.2357586915812289,0.24754662616029036,0.1,R0p10,0.6666666666666666,R3,0.20449241078133215
PHASE1__Ma8_Kn0.1_FWD_hphs1.5_Tw1,Cq,8.0,0.1,FWD,1.5,1.0,0.2641963483423931,0.27740616575951277,,not_reached,,full,0.2641963483423931
PHASE1__Ma8_Kn0.1_FWD_hphs1.5_Tw1,tau_abs,8.0,0.1,FWD,1.5,1.0,0.5084630638182808,0.5338862170091948,0.05,R0p05,0.3333333333333333,R0p75,0.4566203820657798
PHASE1__Ma8_Kn0.1_ISO_hphs1.5_Tw1,Cp,8.0,0.1,ISO,1.5,1.0,0.10187796016856296,0.1069718581769911,,not_reached,,full,0.10187796016856296
PHASE1__Ma8_Kn0.1_ISO_hphs1.5_Tw1,Cq,8.0,0.1,ISO,1.5,1.0,0.1524684470094313,0.16009186935990286,1.5,R1p50,9.999999999999998,R3,0.1249627389520096
PHASE1__Ma8_Kn0.1_ISO_hphs1.5_Tw1,tau_abs,8.0,0.1,ISO,1.5,1.0,0.4849681699082194,0.5092165784036304,0.05,R0p05,0.3333333333333333,R0p20,0.4502119040569003
PHASE1__Ma8_Kn0.33_BWD_hphs1.5_Tw1,Cp,8.0,0.33,BWD,1.5,1.0,0.1543926460312959,0.1621122783328607,0.05,R0p05,0.10101010101010102,local,0.09381321097113994
PHASE1__Ma8_Kn0.33_BWD_hphs1.5_Tw1,Cq,8.0,0.33,BWD,1.5,1.0,0.05524353379305302,0.05800571048270567,0.1,R0p10,0.20202020202020204,R0p35,0.04060024231960105
PHASE1__Ma8_Kn0.33_BWD_hphs1.5_Tw1,tau_abs,8.0,0.33,BWD,1.5,1.0,0.17691738575565866,0.1857632550434416,0.05,R0p05,0.10101010101010102,R0p75,0.1270511016771594
PHASE1__Ma8_Kn0.33_FWD_hphs1.5_Tw1,Cp,8.0,0.33,FWD,1.5,1.0,0.10233013827540356,0.10744664518917374,0.05,R0p05,0.10101010101010102,R0p50,0.03654904220754255
PHASE1__Ma8_Kn0.33_FWD_hphs1.5_Tw1,Cq,8.0,0.33,FWD,1.5,1.0,0.0657349453728347,0.06902169264147644,0.2,R0p20,0.4040404040404041,R0p50,0.05325408404532643
PHASE1__Ma8_Kn0.33_FWD_hphs1.5_Tw1,tau_abs,8.0,0.33,FWD,1.5,1.0,0.38461382753496154,0.40384451891170964,0.05,R0p05,0.10101010101010102,parameter_only,0.1779896632080475
PHASE1__Ma8_Kn0.33_ISO_hphs1.5_Tw1,Cp,8.0,0.33,ISO,1.5,1.0,0.07698240077638421,0.08083152081520342,0.05,R0p05,0.10101010101010102,R0p20,0.03640824538161341
PHASE1__Ma8_Kn0.33_ISO_hphs1.5_Tw1,Cq,8.0,0.33,ISO,1.5,1.0,0.10035002808261947,0.10536752948675045,0.1,R0p10,0.20202020202020204,R0p75,0.036645846012765534
PHASE1__Ma8_Kn0.33_ISO_hphs1.5_Tw1,tau_abs,8.0,0.33,ISO,1.5,1.0,0.20910637361988318,0.21956169230087735,0.1,R0p10,0.20202020202020204,R0p20,0.16283127206111686
PHASE1__Ma8_Kn0.8_BWD_hphs1.5_Tw1,Cp,8.0,0.8,BWD,1.5,1.0,0.33667990127238684,0.3535138963360062,0.05,R0p05,0.041666666666666664,parameter_only,0.06781704475384362
PHASE1__Ma8_Kn0.8_BWD_hphs1.5_Tw1,Cq,8.0,0.8,BWD,1.5,1.0,0.22826076263107622,0.23967380076263003,0.05,R0p05,0.041666666666666664,parameter_only,0.11723002518469908
PHASE1__Ma8_Kn0.8_BWD_hphs1.5_Tw1,tau_abs,8.0,0.8,BWD,1.5,1.0,0.13531473851866982,0.1420804754446033,0.05,R0p05,0.041666666666666664,R0p10,0.11624486344117557
PHASE1__Ma8_Kn0.8_FWD_hphs1.5_Tw1,Cp,8.0,0.8,FWD,1.5,1.0,0.14697231374104094,0.154320929428093,0.05,R0p05,0.041666666666666664,R0p05,0.03533442073934546
PHASE1__Ma8_Kn0.8_FWD_hphs1.5_Tw1,Cq,8.0,0.8,FWD,1.5,1.0,0.10964142043522582,0.11512349145698711,0.05,R0p05,0.041666666666666664,R0p05,0.06376306038998496
PHASE1__Ma8_Kn0.8_FWD_hphs1.5_Tw1,tau_abs,8.0,0.8,FWD,1.5,1.0,0.29353596448873015,0.30821276271316667,0.05,R0p05,0.041666666666666664,parameter_only,0.1754554906199754
PHASE1__Ma8_Kn0.8_ISO_hphs1.5_Tw1,Cp,8.0,0.8,ISO,1.5,1.0,0.06042413073431053,0.06344533727102605,0.1,R0p10,0.08333333333333333,R0p50,0.043519924283483245
PHASE1__Ma8_Kn0.8_ISO_hphs1.5_Tw1,Cq,8.0,0.8,ISO,1.5,1.0,0.06781568436461156,0.07120646858284214,0.75,R0p75,0.6249999999999999,R1p50,0.040181606589620916
PHASE1__Ma8_Kn0.8_ISO_hphs1.5_Tw1,tau_abs,8.0,0.8,ISO,1.5,1.0,0.2752562403312292,0.2890190523477907,0.05,R0p05,0.041666666666666664,parameter_only,0.19072393120866243
