case_id,phase,zip_path,plt_inner,xlsx_inner,file_size,file_crc,xlsx_size,xlsx_crc,Ma,Kn,geom,hphs,TwTinf,physical_key
PHASE1__Ma4_Kn0.1_BWD_hphs1.5_Tw1,PHASE1,raw_data/PHASE1.zip,PHASE1/Kn0.1/Ma4/BWD/u1500000.plt,PHASE1/Kn0.1/Ma4/BWD/surface_properties_BWDMach4_kn0.1.xlsx,8922734,1115862238,80371,992219140,4.0,0.1,BWD,1.5,1.0,Ma4_Kn0.1_BWD_hphs1.5_Tw1
PHASE1__Ma4_Kn0.1_FWD_hphs1.5_Tw1,PHASE1,raw_data/PHASE1.zip,PHASE1/Kn0.1/Ma4/FWD/u2300000.plt,PHASE1/Kn0.1/Ma4/FWD/surface_properties_FWDMach4_kn0.1.xlsx,8929653,1350149120,80570,1296432796,4.0,0.1,FWD,1.5,1.0,Ma4_Kn0.1_FWD_hphs1.5_Tw1
PHASE1__Ma4_Kn0.1_ISO_hphs1.5_Tw1,PHASE1,raw_data/PHASE1.zip,PHASE1/Kn0.1/Ma4/Regular/u1000000.plt,PHASE1/Kn0.1/Ma4/Regular/surface_properties_ISOMach4_kn0.1.xlsx,8924554,4211509703,82084,2740219762,4.0,0.1,ISO,1.5,1.0,Ma4_Kn0.1_ISO_hphs1.5_Tw1
PHASE1__Ma4_Kn0.33_BWD_hphs1.5_Tw1,PHASE1,raw_data/PHASE1.zip,PHASE1/Kn0.33/Ma4/BWD/u6800000.plt,PHASE1/Kn0.33/Ma4/BWD/surface_properties_BWDMach4_kn0.33.xlsx,8927450,2065547744,80400,604964479,4.0,0.33,BWD,1.5,1.0,Ma4_Kn0.33_BWD_hphs1.5_Tw1
PHASE1__Ma4_Kn0.33_FWD_hphs1.5_Tw1,PHASE1,raw_data/PHASE1.zip,PHASE1/Kn0.33/Ma4/FWD/u700000.plt,PHASE1/Kn0.33/Ma4/FWD/surface_properties_FWDMach4_kn0.33.xlsx,36772348,3056387232,80539,918637551,4.0,0.33,FWD,1.5,1.0,Ma4_Kn0.33_FWD_hphs1.5_Tw1
PHASE1__Ma4_Kn0.33_ISO_hphs1.5_Tw1,PHASE1,raw_data/PHASE1.zip,PHASE1/Kn0.33/Ma4/ISO/u600000.plt,PHASE1/Kn0.33/Ma4/ISO/surface_properties_ISOMach4_kn0.33.xlsx,8926297,1918328576,80612,1503135518,4.0,0.33,ISO,1.5,1.0,Ma4_Kn0.33_ISO_hphs1.5_Tw1
PHASE1__Ma4_Kn0.8_BWD_hphs1.5_Tw1,PHASE1,raw_data/PHASE1.zip,PHASE1/Kn0.8/Ma4/BWD/u5600000.plt,PHASE1/Kn0.8/Ma4/BWD/surface_properties_BWDMach4_kn0.8.xlsx,8946839,2261213968,80381,1921550292,4.0,0.8,BWD,1.5,1.0,Ma4_Kn0.8_BWD_hphs1.5_Tw1
PHASE1__Ma4_Kn0.8_FWD_hphs1.5_Tw1,PHASE1,raw_data/PHASE1.zip,PHASE1/Kn0.8/Ma4/FWD/u10500000.plt,PHASE1/Kn0.8/Ma4/FWD/surface_properties_FWDMach4_kn0.8.xlsx,8952855,212124612,85929,2982885136,4.0,0.8,FWD,1.5,1.0,Ma4_Kn0.8_FWD_hphs1.5_Tw1
PHASE1__Ma4_Kn0.8_ISO_hphs1.5_Tw1,PHASE1,raw_data/PHASE1.zip,PHASE1/Kn0.8/Ma4/Regular/u3300000.plt,PHASE1/Kn0.8/Ma4/Regular/surface_properties_ISOMach4_kn0.8.xlsx,8949182,967331968,80671,4154619680,4.0,0.8,ISO,1.5,1.0,Ma4_Kn0.8_ISO_hphs1.5_Tw1
PHASE2__Ma6_Kn0.1_BWD_hphs1.25_Tw1,PHASE2,raw_data/PHASE2.zip,PHASE2/Kn0.1/Ma6/hphs1.25/BWD/u4000000.plt,PHASE2/Kn0.1/Ma6/hphs1.25/BWD/surf_prop_BWDMach6_kn0.1_hphs1.25.xlsx,8939663,55358357,82401,3415394138,6.0,0.1,BWD,1.25,1.0,Ma6_Kn0.1_BWD_hphs1.25_Tw1
PHASE1__Ma6_Kn0.1_BWD_hphs1.5_Tw1,PHASE1,raw_data/PHASE1.zip,PHASE1/Kn0.1/Ma6/BWD/u1000000.plt,PHASE1/Kn0.1/Ma6/BWD/surface_properties_BWDMach6_kn0.1.xlsx,8926872,2951673203,80095,2874172678,6.0,0.1,BWD,1.5,1.0,Ma6_Kn0.1_BWD_hphs1.5_Tw1
PHASE3__Ma6_Kn0.1_BWD_hphs1.5_Tw2,PHASE3,raw_data/PHASE3.zip,PHASE3/Kn0.1/Ma6/hphs1.5/BWD/TwTinf2/u2500000.plt,PHASE3/Kn0.1/Ma6/hphs1.5/BWD/TwTinf2/surface_properties_BWDMach6_kn0.1_TwTinf2_hphs1.5.xlsx,8932667,1989815155,86633,350918846,6.0,0.1,BWD,1.5,2.0,Ma6_Kn0.1_BWD_hphs1.5_Tw2
PHASE3__Ma6_Kn0.1_BWD_hphs1.5_Tw4,PHASE3,raw_data/PHASE3.zip,PHASE3/Kn0.1/Ma6/hphs1.5/BWD/TwTinf4/u3300000.plt,PHASE3/Kn0.1/Ma6/hphs1.5/BWD/TwTinf4/surface_properties_BWDMach6_kn0.1_TwTinf4_hphs1.5.xlsx,8932616,2711093367,86630,2421880241,6.0,0.1,BWD,1.5,4.0,Ma6_Kn0.1_BWD_hphs1.5_Tw4
PHASE2__Ma6_Kn0.1_BWD_hphs1_Tw1,PHASE2,raw_data/PHASE2.zip,PHASE2/Kn0.1/Ma6/hphs1.0/BWD/u3200000.plt,PHASE2/Kn0.1/Ma6/hphs1.0/BWD/surf_prop_BWDMach6_kn0.1_hphs1.0.xlsx,11834168,2076040392,80922,3058893700,6.0,0.1,BWD,1.0,1.0,Ma6_Kn0.1_BWD_hphs1_Tw1
PHASE2__Ma6_Kn0.1_BWD_hphs2_Tw1,PHASE2,raw_data/PHASE2.zip,PHASE2/Kn0.1/Ma6/hphs2.0/BWD/u1000000.plt,PHASE2/Kn0.1/Ma6/hphs2.0/BWD/surf_prop_BWDMach6_kn0.1_hphs2.0.xlsx,8919865,836236394,80892,1825711515,6.0,0.1,BWD,2.0,1.0,Ma6_Kn0.1_BWD_hphs2_Tw1
PHASE2__Ma6_Kn0.1_FWD_hphs1.25_Tw1,PHASE2,raw_data/PHASE2.zip,PHASE2/Kn0.1/Ma6/hphs1.25/FWD/u4300000.plt,PHASE2/Kn0.1/Ma6/hphs1.25/FWD/surf_prop_FWDMach6_kn0.1_hphs1.25.xlsx,8941295,1743203534,80939,1172036760,6.0,0.1,FWD,1.25,1.0,Ma6_Kn0.1_FWD_hphs1.25_Tw1
PHASE1__Ma6_Kn0.1_FWD_hphs1.5_Tw1,PHASE1,raw_data/PHASE1.zip,PHASE1/Kn0.1/Ma6/FWD/u5800000.plt,PHASE1/Kn0.1/Ma6/FWD/surface_properties_FWDMach6_kn0.1.xlsx,8935588,946574626,80086,3524807701,6.0,0.1,FWD,1.5,1.0,Ma6_Kn0.1_FWD_hphs1.5_Tw1
PHASE3__Ma6_Kn0.1_FWD_hphs1.5_Tw2,PHASE3,raw_data/PHASE3.zip,PHASE3/Kn0.1/Ma6/hphs1.5/FWD/TwTinf2/u1900000.plt,PHASE3/Kn0.1/Ma6/hphs1.5/FWD/TwTinf2/surface_properties_FWDMach6_kn0.1_TwTinf2.xlsx,8932040,3244153038,80512,2807930721,6.0,0.1,FWD,1.5,2.0,Ma6_Kn0.1_FWD_hphs1.5_Tw2
PHASE3__Ma6_Kn0.1_FWD_hphs1.5_Tw4,PHASE3,raw_data/PHASE3.zip,PHASE3/Kn0.1/Ma6/hphs1.5/FWD/TwTinf4/u1400000.plt,PHASE3/Kn0.1/Ma6/hphs1.5/FWD/TwTinf4/surface_properties_FWDMach6_kn0.1_TwTinf4.xlsx,8930911,2338433356,80542,1332672216,6.0,0.1,FWD,1.5,4.0,Ma6_Kn0.1_FWD_hphs1.5_Tw4
PHASE2__Ma6_Kn0.1_FWD_hphs1_Tw1,PHASE2,raw_data/PHASE2.zip,PHASE2/Kn0.1/Ma6/hphs1.0/FWD/u2000000.plt,PHASE2/Kn0.1/Ma6/hphs1.0/FWD/surf_prop_FWDMach6_kn0.1_hphs1.0.xlsx,11811291,2259411600,80878,151363418,6.0,0.1,FWD,1.0,1.0,Ma6_Kn0.1_FWD_hphs1_Tw1
PHASE2__Ma6_Kn0.1_FWD_hphs2_Tw1,PHASE2,raw_data/PHASE2.zip,PHASE2/Kn0.1/Ma6/hphs2.0/FWD/u1500000.plt,PHASE2/Kn0.1/Ma6/hphs2.0/FWD/surf_prop_FWDMach6_kn0.1_hphs2.0.xlsx,8922618,95851429,80906,2709824380,6.0,0.1,FWD,2.0,1.0,Ma6_Kn0.1_FWD_hphs2_Tw1
PHASE2__Ma6_Kn0.1_ISO_hphs1.25_Tw1,PHASE2,raw_data/PHASE2.zip,PHASE2/Kn0.1/Ma6/hphs1.25/ISO/u3000000.plt,PHASE2/Kn0.1/Ma6/hphs1.25/ISO/surf_prop_ISOMach6_kn0.1_hphs1.25.xlsx,8938624,1672045711,80942,3805307257,6.0,0.1,ISO,1.25,1.0,Ma6_Kn0.1_ISO_hphs1.25_Tw1
PHASE1__Ma6_Kn0.1_ISO_hphs1.5_Tw1,PHASE1,raw_data/PHASE1.zip,PHASE1/Kn0.1/Ma6/Regular/u4400000.plt,PHASE1/Kn0.1/Ma6/Regular/surface_properties_RegularMach6_kn0.1.xlsx,8934297,2391673144,80287,577578503,6.0,0.1,ISO,1.5,1.0,Ma6_Kn0.1_ISO_hphs1.5_Tw1
PHASE3__Ma6_Kn0.1_ISO_hphs1.5_Tw2,PHASE3,raw_data/PHASE3.zip,PHASE3/Kn0.1/Ma6/hphs1.5/ISO/TwTinf2/u3600000.plt,PHASE3/Kn0.1/Ma6/hphs1.5/ISO/TwTinf2/surface_properties_ISOMach6_kn0.1_TwTinf2.xlsx,8933488,874661251,80716,2826919981,6.0,0.1,ISO,1.5,2.0,Ma6_Kn0.1_ISO_hphs1.5_Tw2
PHASE3__Ma6_Kn0.1_ISO_hphs1.5_Tw4,PHASE3,raw_data/PHASE3.zip,PHASE3/Kn0.1/Ma6/hphs1.5/ISO/TwTinf4/u2400000.plt,PHASE3/Kn0.1/Ma6/hphs1.5/ISO/TwTinf4/surface_properties_ISOMach6_kn0.1_TwTinf4.xlsx,8932193,1800751144,80741,3663973455,6.0,0.1,ISO,1.5,4.0,Ma6_Kn0.1_ISO_hphs1.5_Tw4
PHASE2__Ma6_Kn0.1_ISO_hphs1_Tw1,PHASE2,raw_data/PHASE2.zip,PHASE2/Kn0.1/Ma6/hphs1.0/ISO/u2400000.plt,PHASE2/Kn0.1/Ma6/hphs1.0/ISO/surf_prop_ISOMach6_kn0.1_hphs1.0.xlsx,11670382,3251014177,80837,2462685866,6.0,0.1,ISO,1.0,1.0,Ma6_Kn0.1_ISO_hphs1_Tw1
PHASE2__Ma6_Kn0.1_ISO_hphs2_Tw1,PHASE2,raw_data/PHASE2.zip,PHASE2/Kn0.1/Ma6/hphs2.0/ISO/u1100000.plt,PHASE2/Kn0.1/Ma6/hphs2.0/ISO/surf_prop_ISOMach6_kn0.1_hphs2.0.xlsx,8920226,6628837,82313,2800796047,6.0,0.1,ISO,2.0,1.0,Ma6_Kn0.1_ISO_hphs2_Tw1
PHASE2__Ma6_Kn0.33_BWD_hphs1.25_Tw1,PHASE2,raw_data/PHASE2.zip,PHASE2/Kn0.33/Ma6/hphs1.25/BWD/u2200000.plt,PHASE2/Kn0.33/Ma6/hphs1.25/BWD/surf_prop_BWDMach6_kn0.33_hphs1.25.xlsx,8930160,1972348768,80954,1777063013,6.0,0.33,BWD,1.25,1.0,Ma6_Kn0.33_BWD_hphs1.25_Tw1
PHASE1__Ma6_Kn0.33_BWD_hphs1.5_Tw1,PHASE1,raw_data/PHASE1.zip,PHASE1/Kn0.33/Ma6/BWD/u1400000.plt,PHASE1/Kn0.33/Ma6/BWD/surface_properties_BWDMach6_kn0.33.xlsx,8924979,3996921122,80338,3729760931,6.0,0.33,BWD,1.5,1.0,Ma6_Kn0.33_BWD_hphs1.5_Tw1
PHASE3__Ma6_Kn0.33_BWD_hphs1.5_Tw2,PHASE3,raw_data/PHASE3.zip,PHASE3/Kn0.33/Ma6/hphs1.5/BWD/TwTinf2/u3600000.plt,PHASE3/Kn0.33/Ma6/hphs1.5/BWD/TwTinf2/surface_properties_BWDMach6_kn0.33_TwTinf2.xlsx,8925337,165918203,85806,2445842867,6.0,0.33,BWD,1.5,2.0,Ma6_Kn0.33_BWD_hphs1.5_Tw2
PHASE3__Ma6_Kn0.33_BWD_hphs1.5_Tw4,PHASE3,raw_data/PHASE3.zip,PHASE3/Kn0.33/Ma6/hphs1.5/BWD/TwTinf4/u4500000.plt,PHASE3/Kn0.33/Ma6/hphs1.5/BWD/TwTinf4/surface_properties_BWDMach6_kn0.33_TwTinf4.xlsx,8923713,555350746,80394,3113570480,6.0,0.33,BWD,1.5,4.0,Ma6_Kn0.33_BWD_hphs1.5_Tw4
PHASE2__Ma6_Kn0.33_BWD_hphs1_Tw1,PHASE2,raw_data/PHASE2.zip,PHASE2/Kn0.33/Ma6/hphs1.0/BWD/u6200000.plt,PHASE2/Kn0.33/Ma6/hphs1.0/BWD/surf_prop_BWDMach6_kn0.33_hphs1.0.xlsx,11829751,586623411,80786,3136706657,6.0,0.33,BWD,1.0,1.0,Ma6_Kn0.33_BWD_hphs1_Tw1
PHASE2__Ma6_Kn0.33_BWD_hphs2_Tw1,PHASE2,raw_data/PHASE2.zip,PHASE2/Kn0.33/Ma6/hphs2.0/BWD/u2800000.plt,PHASE2/Kn0.33/Ma6/hphs2.0/BWD/surf_prop_BWDMach6_kn0.33_hphs2.xlsx,8915289,324598089,80764,1288690654,6.0,0.33,BWD,2.0,1.0,Ma6_Kn0.33_BWD_hphs2_Tw1
PHASE2__Ma6_Kn0.33_FWD_hphs1.25_Tw1,PHASE2,raw_data/PHASE2.zip,PHASE2/Kn0.33/Ma6/hphs1.25/FWD/u3900000.plt,PHASE2/Kn0.33/Ma6/hphs1.25/FWD/surf_prop_FWDMach6_kn0.33_hphs1.25.xlsx,8929083,3502956288,80879,1950164275,6.0,0.33,FWD,1.25,1.0,Ma6_Kn0.33_FWD_hphs1.25_Tw1
PHASE1__Ma6_Kn0.33_FWD_hphs1.5_Tw1,PHASE1,raw_data/PHASE1.zip,PHASE1/Kn0.33/Ma6/FWD/u11700000.plt,PHASE1/Kn0.33/Ma6/FWD/surface_properties_FWDMach6_kn0.33.xlsx,8925447,2676731700,80434,2923721066,6.0,0.33,FWD,1.5,1.0,Ma6_Kn0.33_FWD_hphs1.5_Tw1
PHASE3__Ma6_Kn0.33_FWD_hphs1.5_Tw2,PHASE3,raw_data/PHASE3.zip,PHASE3/Kn0.33/Ma6/hphs1.5/FWD/TwTinf2/u2800000.plt,PHASE3/Kn0.33/Ma6/hphs1.5/FWD/TwTinf2/surface_properties_FWDMach6_kn0.33_TwTinf2.xlsx,8924194,4269371425,80463,3005083632,6.0,0.33,FWD,1.5,2.0,Ma6_Kn0.33_FWD_hphs1.5_Tw2
PHASE3__Ma6_Kn0.33_FWD_hphs1.5_Tw4,PHASE3,raw_data/PHASE3.zip,PHASE3/Kn0.33/Ma6/hphs1.5/FWD/TwTinf4/u1300000.plt,PHASE3/Kn0.33/Ma6/hphs1.5/FWD/TwTinf4/surface_properties_FWDMach6_kn0.33_TwTinf4.xlsx,8923014,296283129,80574,3324411545,6.0,0.33,FWD,1.5,4.0,Ma6_Kn0.33_FWD_hphs1.5_Tw4
PHASE2__Ma6_Kn0.33_FWD_hphs1_Tw1,PHASE2,raw_data/PHASE2.zip,PHASE2/Kn0.33/Ma6/hphs1.0/FWD/u2400000.plt,PHASE2/Kn0.33/Ma6/hphs1.0/FWD/surf_prop_FWDMach6_kn0.33_hphs1.0.xlsx,11817990,1046438775,80855,3507562597,6.0,0.33,FWD,1.0,1.0,Ma6_Kn0.33_FWD_hphs1_Tw1
PHASE2__Ma6_Kn0.33_FWD_hphs2_Tw1,PHASE2,raw_data/PHASE2.zip,PHASE2/Kn0.33/Ma6/hphs2.0/FWD/u3400000.plt,PHASE2/Kn0.33/Ma6/hphs2.0/FWD/surf_prop_FWDMach6_kn0.33_hphs2.xlsx,8914416,3441898664,80873,2816751231,6.0,0.33,FWD,2.0,1.0,Ma6_Kn0.33_FWD_hphs2_Tw1
PHASE2__Ma6_Kn0.33_ISO_hphs1.25_Tw1,PHASE2,raw_data/PHASE2.zip,PHASE2/Kn0.33/Ma6/hphs1.25/ISO/u2000000.plt,PHASE2/Kn0.33/Ma6/hphs1.25/ISO/surf_prop_ISOMach6_kn0.33_hphs1.25.xlsx,11760108,1027809408,80911,3988891033,6.0,0.33,ISO,1.25,1.0,Ma6_Kn0.33_ISO_hphs1.25_Tw1
PHASE1__Ma6_Kn0.33_ISO_hphs1.5_Tw1,PHASE1,raw_data/PHASE1.zip,PHASE1/Kn0.33/Ma6/ISO/u3600000.plt,PHASE1/Kn0.33/Ma6/ISO/surface_properties_ISOMach6_kn0.33.xlsx,8925483,1788738787,80619,1419737048,6.0,0.33,ISO,1.5,1.0,Ma6_Kn0.33_ISO_hphs1.5_Tw1
PHASE3__Ma6_Kn0.33_ISO_hphs1.5_Tw2,PHASE3,raw_data/PHASE3.zip,PHASE3/Kn0.33/Ma6/hphs1.5/ISO/TwTinf2/u2200000.plt,PHASE3/Kn0.33/Ma6/hphs1.5/ISO/TwTinf2/surface_properties_ISOMach6_kn0.33_TwTinf2.xlsx,8922264,2930279474,80724,3825673014,6.0,0.33,ISO,1.5,2.0,Ma6_Kn0.33_ISO_hphs1.5_Tw2
PHASE3__Ma6_Kn0.33_ISO_hphs1.5_Tw4,PHASE3,raw_data/PHASE3.zip,PHASE3/Kn0.33/Ma6/hphs1.5/ISO/TwTinf4/u2300000.plt,PHASE3/Kn0.33/Ma6/hphs1.5/ISO/TwTinf4/surface_properties_ISOMach6_kn0.33_TwTinf4.xlsx,8923458,762890461,80724,4064571710,6.0,0.33,ISO,1.5,4.0,Ma6_Kn0.33_ISO_hphs1.5_Tw4
PHASE2__Ma6_Kn0.33_ISO_hphs1_Tw1,PHASE2,raw_data/PHASE2.zip,PHASE2/Kn0.33/Ma6/hphs1.0/ISO/u2200000.plt,PHASE2/Kn0.33/Ma6/hphs1.0/ISO/surf_prop_ISOMach6_kn0.33_hphs1.0.xlsx,11667190,1543049254,80825,3380140643,6.0,0.33,ISO,1.0,1.0,Ma6_Kn0.33_ISO_hphs1_Tw1
PHASE2__Ma6_Kn0.33_ISO_hphs2_Tw1,PHASE2,raw_data/PHASE2.zip,PHASE2/Kn0.33/Ma6/hphs2.0/ISO/u2400000.plt,PHASE2/Kn0.33/Ma6/hphs2.0/ISO/surf_prop_ISOMach6_kn0.33_hphs2.xlsx,8912733,679654342,80820,608443338,6.0,0.33,ISO,2.0,1.0,Ma6_Kn0.33_ISO_hphs2_Tw1
PHASE1__Ma6_Kn0.8_BWD_hphs1.5_Tw1,PHASE1,raw_data/PHASE1.zip,PHASE1/Kn0.8/Ma6/BWD/u600000.plt,PHASE1/Kn0.8/Ma6/BWD/surface_properties_BWDMach6_kn0.8.xlsx,8925804,3647802679,80391,3729503140,6.0,0.8,BWD,1.5,1.0,Ma6_Kn0.8_BWD_hphs1.5_Tw1
PHASE1__Ma6_Kn0.8_FWD_hphs1.5_Tw1,PHASE1,raw_data/PHASE1.zip,PHASE1/Kn0.8/Ma6/FWD/u4200000.plt,PHASE1/Kn0.8/Ma6/FWD/surface_properties_FWDMach6_kn0.8.xlsx,8925414,2749480179,81794,3666897240,6.0,0.8,FWD,1.5,1.0,Ma6_Kn0.8_FWD_hphs1.5_Tw1
PHASE1__Ma6_Kn0.8_ISO_hphs1.5_Tw1,PHASE1,raw_data/PHASE1.zip,PHASE1/Kn0.8/Ma6/ISO/u3100000.plt,PHASE1/Kn0.8/Ma6/ISO/surface_properties_ISOMach6_kn0.8.xlsx,8925186,2520438019,80678,3257701671,6.0,0.8,ISO,1.5,1.0,Ma6_Kn0.8_ISO_hphs1.5_Tw1
PHASE1__Ma8_Kn0.1_BWD_hphs1.5_Tw1,PHASE1,raw_data/PHASE1.zip,PHASE1/Kn0.1/Ma8/BWD/u1400000.plt,PHASE1/Kn0.1/Ma8/BWD/surface_properties_BWDMach8_kn0.1.xlsx,8930375,1166326486,80367,4253203862,8.0,0.1,BWD,1.5,1.0,Ma8_Kn0.1_BWD_hphs1.5_Tw1
PHASE1__Ma8_Kn0.1_FWD_hphs1.5_Tw1,PHASE1,raw_data/PHASE1.zip,PHASE1/Kn0.1/Ma8/FWD/u1000000.plt,PHASE1/Kn0.1/Ma8/FWD/surface_properties_FWDMach8_kn0.1.xlsx,8929489,1792674261,80517,2953612382,8.0,0.1,FWD,1.5,1.0,Ma8_Kn0.1_FWD_hphs1.5_Tw1
PHASE1__Ma8_Kn0.1_ISO_hphs1.5_Tw1,PHASE1,raw_data/PHASE1.zip,PHASE1/Kn0.1/Ma8/ISO/u1300000.plt,PHASE1/Kn0.1/Ma8/ISO/surface_properties_ISOMach8_kn0.1.xlsx,8929129,3245412493,80712,4280411550,8.0,0.1,ISO,1.5,1.0,Ma8_Kn0.1_ISO_hphs1.5_Tw1
PHASE1__Ma8_Kn0.33_BWD_hphs1.5_Tw1,PHASE1,raw_data/PHASE1.zip,PHASE1/Kn0.33/Ma8/BWD/u9000000.plt,PHASE1/Kn0.33/Ma8/BWD/surface_properties_BWDMach8_kn0.33.xlsx,8923980,716597068,81661,3468477066,8.0,0.33,BWD,1.5,1.0,Ma8_Kn0.33_BWD_hphs1.5_Tw1
PHASE1__Ma8_Kn0.33_FWD_hphs1.5_Tw1,PHASE1,raw_data/PHASE1.zip,PHASE1/Kn0.33/Ma8/FWD/u900000.plt,PHASE1/Kn0.33/Ma8/FWD/surface_properties_FWDMach8_kn0.33.xlsx,36742454,1785652757,80471,3476542272,8.0,0.33,FWD,1.5,1.0,Ma8_Kn0.33_FWD_hphs1.5_Tw1
PHASE1__Ma8_Kn0.33_ISO_hphs1.5_Tw1,PHASE1,raw_data/PHASE1.zip,PHASE1/Kn0.33/Ma8/ISO/u1700000.plt,PHASE1/Kn0.33/Ma8/ISO/surface_properties_ISOMach8_kn0.33.xlsx,8921538,3785795300,80643,587314116,8.0,0.33,ISO,1.5,1.0,Ma8_Kn0.33_ISO_hphs1.5_Tw1
PHASE1__Ma8_Kn0.8_BWD_hphs1.5_Tw1,PHASE1,raw_data/PHASE1.zip,PHASE1/Kn0.8/Ma8/BWD/u1200000.plt,PHASE1/Kn0.8/Ma8/BWD/surface_properties_BWDMach8_kn0.8.xlsx,8913809,2006746451,80498,1095679900,8.0,0.8,BWD,1.5,1.0,Ma8_Kn0.8_BWD_hphs1.5_Tw1
PHASE1__Ma8_Kn0.8_FWD_hphs1.5_Tw1,PHASE1,raw_data/PHASE1.zip,PHASE1/Kn0.8/Ma8/FWD/u1800000.plt,PHASE1/Kn0.8/Ma8/FWD/surface_properties_FWDMach8_kn0.8.xlsx,8951550,3350742397,80424,2357042819,8.0,0.8,FWD,1.5,1.0,Ma8_Kn0.8_FWD_hphs1.5_Tw1
PHASE1__Ma8_Kn0.8_ISO_hphs1.5_Tw1,PHASE1,raw_data/PHASE1.zip,PHASE1/Kn0.8/Ma8/Regular/u1100000.plt,PHASE1/Kn0.8/Ma8/Regular/surface_properties_ISOMach8_kn0.8.xlsx,8910918,3691941484,80617,3147864448,8.0,0.8,ISO,1.5,1.0,Ma8_Kn0.8_ISO_hphs1.5_Tw1
