split_label,region,relL2_u,rangeMAE_pct_u,relL2_v,rangeMAE_pct_v,relL2_T,rangeMAE_pct_T,relL2_P,rangeMAE_pct_P,relL2_S,rangeMAE_pct_S
val_phase1_Ma6_Kn033,all,0.013932761394876777,0.8778071465867798,0.05296203921765524,1.161883191050027,0.03582579436224244,1.4137271166381564,0.06350855924167215,1.3449994429528072,0.09008958892064596,3.2652773417007936
val_phase1_Ma6_Kn033,compression_P90,0.0262499772602766,1.2424488235741515,0.04152961666557931,2.056598525654682,0.038912805712329544,2.3168535121481337,0.06372248411525662,6.369454218045651,0.12765029702131273,2.925261496668689
val_phase1_Ma6_Kn033,near_apex,0.04140613171855382,1.7246709303525014,0.0794236803723287,1.760104544315049,0.05958042533088508,3.5233960863779727,0.08249923000853152,3.7284953061589334,0.16741679143008412,5.188369411207969
val_phase1_Ma6_Kn033,near_wall,0.08570358510773923,0.9448588679139075,0.21110472675906436,2.530882409126993,0.06616333799844902,2.8993014345297343,0.039774363877313555,1.4254938587886905,0.21245884603379742,4.367049366939047
val_phase1_Ma6_Kn033,outer,0.010728918589517916,2.124857737525874,0.05089042001324737,1.8450754233842108,0.035669481080141,1.688845847419089,0.06936842384713847,1.9978633945415734,0.09202508136433958,3.600484509299694
val_phase1_Ma6_Kn033,upstream,0.013224903126230361,1.0648062904118187,0.05226251484175005,1.3692677681322536,0.041158032946949336,1.4029363358456617,0.03966594000425149,0.9480024169381372,0.11164361967446246,3.4295332694610745
val_phase1_Ma6_Kn033,wake,0.0359046040115634,1.4463129534118766,0.05226124904565078,1.3657798834259633,0.03519017424731798,3.167733169898335,0.040157525874112567,3.65685721215996,0.06811442490844476,5.436269251912889
val_phase2_h125,all,0.00924927150364206,0.5193471007318183,0.04365547580533349,0.7747249861701756,0.025797012360879615,0.8422423705327473,0.04736487416396167,0.8368701012043943,0.06773294408917171,2.100744748179945
val_phase2_h125,compression_P90,0.019632795531522782,0.870524914044231,0.03766010152690936,1.9105716868615399,0.02946699800139489,1.877027866562586,0.05369080816633189,5.730843480257682,0.08945622656653329,2.1864630935256586
val_phase2_h125,near_apex,0.04716528262915132,2.0244529507385702,0.081769293021476,1.6615934970027018,0.0416634079407685,2.414933248988309,0.06611100922728297,3.002253184809774,0.11491934490141542,3.471611043458235
val_phase2_h125,near_wall,0.0831486763698679,1.0330972302032986,0.21754184908436988,2.7407483054930526,0.06085759430783299,2.7286885299337453,0.037373363008774634,1.2444016076222113,0.15909568946606323,3.415762674073795
val_phase2_h125,outer,0.0054883611008841185,1.2482472785076644,0.03675209242128485,0.9880955109166331,0.02088988705821442,0.9656234781212926,0.03794123639981516,0.9181153330161935,0.08204385872667891,2.171155476420192
val_phase2_h125,upstream,0.007680268824094553,0.4568622280785208,0.048792764051969174,0.9331385665310364,0.03166560319466771,0.7093452712758511,0.027118194287776717,0.5543139872691953,0.09218499458882375,1.7048769315693466
val_phase2_h125,wake,0.03727492796713695,1.5969853699569063,0.07154408430361008,1.6850977392487951,0.02675213239296688,2.5868336844553497,0.025613757170712643,2.134573934399037,0.040502388560470594,3.196315274687675
val_phase3_Tw2,all,0.0099163409875398,0.5875917431226366,0.037310000158657194,0.669314167805886,0.022844922022219716,0.840777527212754,0.033622987332556406,0.6889844384228557,0.05427453359647858,1.8196109949461252
val_phase3_Tw2,compression_P90,0.018381535067352715,0.7925305723108567,0.0269928081439631,1.2356322505410706,0.020283826171782208,1.5337920902845472,0.03479626139344226,4.183167011444834,0.0604101261162664,1.9482275951496852
val_phase3_Tw2,near_apex,0.035428971921764044,1.3636981420439878,0.067249773452831,1.183162903675614,0.029310459796620603,2.0845545146443394,0.04381750231875867,2.0043432513286445,0.06636843500265004,2.85042650079717
val_phase3_Tw2,near_wall,0.08452111338311696,0.9875803617466228,0.2182511215567279,2.8149776677208194,0.054479216181618696,2.7232386860881714,0.028298700695358336,0.9902601865847668,0.13111590077491767,3.3188040288044647
val_phase3_Tw2,outer,0.0064656185752261204,1.4908191104185426,0.03204884250547766,0.962941082527694,0.021902302253733633,0.9691886435819649,0.03472732696088204,0.9005061468290343,0.06685231911465209,2.0904869600314187
val_phase3_Tw2,upstream,0.010009150350735622,0.7585663360265906,0.0413689123837594,0.9571780854455092,0.03040383166889185,0.8013959092999627,0.020598951814093883,0.44038566637534743,0.08266989928914127,1.9840902566578507
val_phase3_Tw2,wake,0.030012140245992133,1.2216318595260316,0.04310791112554946,1.1927676261925948,0.020561452361028718,2.166928531872712,0.02456250498642754,2.155132238179933,0.03357716614615025,2.641203109992828
