case_id,phase,geom,split_label,is_val,Ma,Kn,hphs,TwTinf,n_surface_points,true_Cpmax,pred_Cpmax,abs_err_Cpmax,s_Cpmax_true,s_Cpmax_pred,s_peak_dist_Cp,relL2_Cp,rangeMAE_pct_Cp,true_Cp_int,pred_Cp_int,abs_err_Cp_int,true_Cqmax,pred_Cqmax,abs_err_Cqmax,s_Cqmax_true,s_Cqmax_pred,s_peak_dist_Cq,relL2_Cq,rangeMAE_pct_Cq,true_Cq_int,pred_Cq_int,abs_err_Cq_int,true_tau_absmax,pred_tau_absmax,abs_err_tau_absmax,s_tau_absmax_true,s_tau_absmax_pred,s_peak_dist_tau_abs,relL2_tau_abs,rangeMAE_pct_tau_abs,true_tau_abs_int,pred_tau_abs_int,abs_err_tau_abs_int
PHASE1__Ma6_Kn0.33_BWD_hphs1.5_Tw1,PHASE1,BWD,val_phase1_Ma6_Kn033,True,6.0,0.33,1.5,1.0,60,0.6104722023010254,0.5971270799636841,0.013345122337341309,0.4067796610169492,0.4067796610169492,0.0,0.0576313345491922,3.1616574686966294,0.2635170893459502,0.24395949355626512,0.01955759578968508,0.17410719394683838,0.16666366159915924,0.007443532347679138,0.4915254237288136,0.4915254237288136,0.0,0.03480093116232851,1.6451028162728525,0.06375752538551134,0.061099993980537025,0.0026575314049743157,3.8102872371673584,3.724294424057007,0.08599281311035156,0.4915254237288136,0.4915254237288136,0.0,0.022255513831522786,0.4405859714534965,0.7937766521442996,0.7916762439881342,0.002100408156165412
PHASE1__Ma6_Kn0.33_FWD_hphs1.5_Tw1,PHASE1,FWD,val_phase1_Ma6_Kn033,True,6.0,0.33,1.5,1.0,60,1.0704929828643799,1.0408215522766113,0.029671430587768555,0.4915254237288136,0.4915254237288136,0.0,0.05373402382914806,2.421737448787812,0.377677467917546,0.3525035835928836,0.025173884324662388,0.3019719123840332,0.28816455602645874,0.013807356357574463,0.4915254237288136,0.4915254237288136,0.0,0.03656909613795247,0.9125323567221867,0.05161938721598205,0.04927012807358119,0.0023492591424008544,0.9095880389213562,0.9155283570289612,0.0059403181076049805,0.3559322033898305,0.3559322033898305,0.0,0.09547104579434339,3.0693111418631966,0.3522001854696516,0.37277454213570743,0.020574356666055837
PHASE1__Ma6_Kn0.33_ISO_hphs1.5_Tw1,PHASE1,ISO,val_phase1_Ma6_Kn033,True,6.0,0.33,1.5,1.0,60,0.855288028717041,0.8196935057640076,0.03559452295303345,0.4915254237288136,0.4915254237288136,0.0,0.04550876068401036,2.085062602220379,0.3381495491080618,0.3199720352382983,0.018177513869763462,0.24852412939071655,0.2418009638786316,0.006723165512084961,0.4915254237288136,0.4915254237288136,0.0,0.028115711444164342,1.0576066948573135,0.0659360720685257,0.06339557424692785,0.002540497821597848,3.018045425415039,2.963122606277466,0.05492281913757324,0.4915254237288136,0.4915254237288136,0.0,0.07568046635631505,1.463351674425092,0.365599988299714,0.36175364735773047,0.0038463409419835504
PHASE2__Ma6_Kn0.1_BWD_hphs1.25_Tw1,PHASE2,BWD,val_phase2_h125,True,6.0,0.1,1.25,1.0,60,1.2792121171951294,1.285188913345337,0.0059767961502075195,0.3728813559322034,0.3559322033898305,0.01694915254237289,0.022935555520769292,1.1310314144448195,0.5863133188814588,0.5903393694404829,0.0040260505590241635,0.24383890628814697,0.24682137370109558,0.0029824674129486084,0.4915254237288136,0.4915254237288136,0.0,0.030044687311427218,1.2158954185078656,0.08391500849935808,0.08591772805331117,0.0020027195539530918,6.194102764129639,6.12661600112915,0.06748676300048828,0.4915254237288136,0.4915254237288136,0.0,0.027893870523917737,0.633939464856179,0.982017405753387,0.9881057004302236,0.006088294676836581
PHASE2__Ma6_Kn0.1_FWD_hphs1.25_Tw1,PHASE2,FWD,val_phase2_h125,True,6.0,0.1,1.25,1.0,60,2.1529171466827393,2.1728529930114746,0.01993584632873535,0.4915254237288136,0.4915254237288136,0.0,0.023169256016117242,1.1225871885620922,0.8079584445488655,0.8143483541779598,0.006389909629094359,0.4818371832370758,0.48433083295822144,0.00249364972114563,0.4915254237288136,0.4915254237288136,0.0,0.030058166864292454,0.6562800019775844,0.067883090779059,0.06661682452817085,0.0012662662508881595,1.5557633638381958,1.517305612564087,0.03845775127410889,0.423728813559322,0.4067796610169492,0.016949152542372836,0.06413933349353386,2.775087007452256,0.7028497059087633,0.7271062001838523,0.024256494275089024
PHASE2__Ma6_Kn0.1_ISO_hphs1.25_Tw1,PHASE2,ISO,val_phase2_h125,True,6.0,0.1,1.25,1.0,60,1.676201581954956,1.6924246549606323,0.01622307300567627,0.4915254237288136,0.4576271186440678,0.03389830508474578,0.02649939678987861,1.4045262147984563,0.7214066271356433,0.7294909784854469,0.008084351349803565,0.36992013454437256,0.3782346546649933,0.008314520120620728,0.4915254237288136,0.4915254237288136,0.0,0.037489662106939,1.1866229334754137,0.08522858387806406,0.08684172235050444,0.0016131384724403786,5.299496173858643,5.329274654388428,0.029778480529785156,0.4915254237288136,0.4915254237288136,0.0,0.0764970801193009,1.3462621592381483,0.5514094160901288,0.5820866520121947,0.030677235922065837
PHASE2__Ma6_Kn0.33_BWD_hphs1.25_Tw1,PHASE2,BWD,val_phase2_h125,True,6.0,0.33,1.25,1.0,60,0.5052044987678528,0.49866607785224915,0.006538420915603638,0.4067796610169492,0.4067796610169492,0.0,0.06184319760356401,3.3697876938512583,0.22119808143352046,0.20405590281648153,0.017142178617038928,0.15084324777126312,0.14650216698646545,0.0043410807847976685,0.4915254237288136,0.4915254237288136,0.0,0.030939510873559825,1.576754750185229,0.05891982577119606,0.056629319059646736,0.002290506711549324,3.5211946964263916,3.506549596786499,0.014645099639892578,0.4915254237288136,0.4915254237288136,0.0,0.011180635136425449,0.27322066626377123,0.8840639679515103,0.8827153600878636,0.0013486078636467669
PHASE2__Ma6_Kn0.33_FWD_hphs1.25_Tw1,PHASE2,FWD,val_phase2_h125,True,6.0,0.33,1.25,1.0,60,0.9484382271766663,0.913905143737793,0.03453308343887329,0.4915254237288136,0.4915254237288136,0.0,0.05228180314884577,2.2179036843785025,0.3378013613100077,0.3173716341034841,0.020429727206523585,0.26934516429901123,0.261421799659729,0.007923364639282227,0.4915254237288136,0.4915254237288136,0.0,0.02955786952098347,0.8036014233722714,0.04854058373277471,0.046838613542712335,0.0017019701900623727,0.9723247289657593,1.0266358852386475,0.054311156272888184,0.4067796610169492,0.4067796610169492,0.0,0.09532825093823903,4.225694398089162,0.4124869540081186,0.4453849595482068,0.032898005540088204
PHASE2__Ma6_Kn0.33_ISO_hphs1.25_Tw1,PHASE2,ISO,val_phase2_h125,True,6.0,0.33,1.25,1.0,60,0.7598767876625061,0.730711042881012,0.02916574478149414,0.4915254237288136,0.4915254237288136,0.0,0.042871112945238994,2.029750730991332,0.30125037304488783,0.28603147046040683,0.015218902584480998,0.22817377746105194,0.2224346399307251,0.005739137530326843,0.4915254237288136,0.4915254237288136,0.0,0.02918226348501673,1.1634983685638758,0.06530219981431076,0.06275928310923658,0.0025429167050741858,2.8568708896636963,2.826435089111328,0.030435800552368164,0.4915254237288136,0.4915254237288136,0.0,0.0637972362972475,1.2056293241673752,0.38800691032557255,0.3891097175872931,0.001102807261720573
PHASE3__Ma6_Kn0.1_BWD_hphs1.5_Tw2,PHASE3,BWD,val_phase3_Tw2,True,6.0,0.1,1.5,2.0,60,1.5387651920318604,1.5410082340240479,0.0022430419921875,0.3898305084745763,0.3898305084745763,0.0,0.023567295089579148,1.1982406764537223,0.6994960865931255,0.7037504423977964,0.0042543558046709284,0.2531757652759552,0.25012660026550293,0.0030491650104522705,0.4915254237288136,0.4915254237288136,0.0,0.03065539143088735,0.557628396572501,0.07239860648553723,0.07278296749218036,0.0003843610066431302,6.874152660369873,6.748097896575928,0.1260547637939453,0.4915254237288136,0.4915254237288136,0.0,0.027710365231573456,0.5417314456685842,0.9131567569891527,0.9151660870697538,0.0020093300806011127
PHASE3__Ma6_Kn0.1_FWD_hphs1.5_Tw2,PHASE3,FWD,val_phase3_Tw2,True,6.0,0.1,1.5,2.0,60,2.5282373428344727,2.549285411834717,0.02104806900024414,0.4915254237288136,0.4915254237288136,0.0,0.024455007834818347,1.2043085002227634,0.907090321214775,0.9039969517517896,0.0030933694629853292,0.4644439220428467,0.4637461006641388,0.0006978213787078857,0.4915254237288136,0.4915254237288136,0.0,0.0723164985699817,1.036295635925124,0.054156501816932934,0.05263825436517344,0.0015182474517594913,1.6671841144561768,1.6417999267578125,0.025384187698364258,0.3728813559322034,0.3898305084745763,0.01694915254237289,0.08584157267015478,2.9257893146134237,0.683915334737907,0.7019597332356341,0.0180443984977271
PHASE3__Ma6_Kn0.1_ISO_hphs1.5_Tw2,PHASE3,ISO,val_phase3_Tw2,True,6.0,0.1,1.5,2.0,60,2.0060276985168457,1.9699376821517944,0.03609001636505127,0.4915254237288136,0.4745762711864407,0.01694915254237289,0.022891012338914746,1.1863938782176102,0.8232907767198444,0.8297797964285996,0.0064890197087551504,0.36656689643859863,0.3618045151233673,0.004762381315231323,0.4915254237288136,0.4915254237288136,0.0,0.032572554272084144,0.495504921891403,0.06987142680015293,0.07022504265404354,0.00035361585389061256,5.559230327606201,5.4689741134643555,0.0902562141418457,0.4915254237288136,0.4915254237288136,0.0,0.0486697303159192,0.7925545138248277,0.5813456076765591,0.5766773168313302,0.004668290845228906
PHASE3__Ma6_Kn0.33_BWD_hphs1.5_Tw2,PHASE3,BWD,val_phase3_Tw2,True,6.0,0.33,1.5,2.0,60,0.6181350946426392,0.6089742183685303,0.009160876274108887,0.3728813559322034,0.4067796610169492,0.03389830508474578,0.06471321463770027,3.4448759387232797,0.27388858672042016,0.2525059595956641,0.021382627124756082,0.15631718933582306,0.1505870372056961,0.005730152130126953,0.4915254237288136,0.4915254237288136,0.0,0.036326141281756506,1.6036441070258953,0.05434887862312449,0.05233780900805683,0.0020110696150676607,3.820441484451294,3.785019636154175,0.03542184829711914,0.4915254237288136,0.4915254237288136,0.0,0.022357153361328444,0.46752564800046115,0.8247730646507374,0.8298934647592446,0.005120400108507228
PHASE3__Ma6_Kn0.33_FWD_hphs1.5_Tw2,PHASE3,FWD,val_phase3_Tw2,True,6.0,0.33,1.5,2.0,60,1.113794207572937,1.070650577545166,0.043143630027770996,0.4915254237288136,0.4915254237288136,0.0,0.05250366797063382,2.2178184346402854,0.3846672824820725,0.36106996061438223,0.023597321867690257,0.2606543004512787,0.25135090947151184,0.009303390979766846,0.4915254237288136,0.4915254237288136,0.0,0.05771308942783231,1.2294180330644209,0.0397883253270697,0.037413328980742865,0.0023749963463268325,0.9032499194145203,0.919676661491394,0.01642674207687378,0.3389830508474576,0.3559322033898305,0.01694915254237289,0.04638394141565186,1.7696086730020681,0.3872516290363619,0.3936263363240129,0.006374707287650994
PHASE3__Ma6_Kn0.33_ISO_hphs1.5_Tw2,PHASE3,ISO,val_phase3_Tw2,True,6.0,0.33,1.5,2.0,60,0.8944201469421387,0.8407905101776123,0.05362963676452637,0.4915254237288136,0.4915254237288136,0.0,0.046130319118717164,2.134779116175029,0.3481455291700313,0.32875315365144764,0.019392375518583638,0.22102129459381104,0.21475335955619812,0.006267935037612915,0.4915254237288136,0.4915254237288136,0.0,0.03272736266723964,1.0397044820989139,0.054899791993455564,0.05305577628314496,0.0018440157103106064,2.9142813682556152,2.8925960063934326,0.021685361862182617,0.4915254237288136,0.4915254237288136,0.0,0.06721418024305041,1.3901162148279245,0.3835197749164871,0.36935562855106285,0.014164146365424235
