model,target,epsilon,reference_mode,geom,Kn,n,n_reached,censored_fraction,R_lower_mean
extratrees,Cp,0.025,full_domain_ring,BWD,0.1,3,2,0.3333333333333333,1.05
extratrees,Cp,0.025,full_domain_ring,BWD,0.33,3,2,0.3333333333333333,1.6833333333333333
extratrees,Cp,0.025,full_domain_ring,BWD,0.8,3,3,0.0,1.0333333333333334
extratrees,Cp,0.025,full_domain_ring,FWD,0.1,3,3,0.0,0.7000000000000001
extratrees,Cp,0.025,full_domain_ring,FWD,0.33,3,1,0.6666666666666666,2.0166666666666666
extratrees,Cp,0.025,full_domain_ring,FWD,0.8,3,3,0.0,1.0333333333333334
extratrees,Cp,0.025,full_domain_ring,ISO,0.1,3,3,0.0,0.7000000000000001
extratrees,Cp,0.025,full_domain_ring,ISO,0.33,3,3,0.0,2.0
extratrees,Cp,0.025,full_domain_ring,ISO,0.8,3,2,0.3333333333333333,2.0166666666666666
extratrees,Cp,0.025,max_cumulative_patch,BWD,0.1,3,3,0.0,1.0333333333333334
extratrees,Cp,0.025,max_cumulative_patch,BWD,0.33,3,3,0.0,0.7000000000000001
extratrees,Cp,0.025,max_cumulative_patch,BWD,0.8,3,3,0.0,1.0333333333333334
extratrees,Cp,0.025,max_cumulative_patch,FWD,0.1,3,3,0.0,1.0333333333333334
extratrees,Cp,0.025,max_cumulative_patch,FWD,0.33,3,3,0.0,1.6833333333333333
extratrees,Cp,0.025,max_cumulative_patch,FWD,0.8,3,3,0.0,1.0333333333333334
extratrees,Cp,0.025,max_cumulative_patch,ISO,0.1,3,3,0.0,1.0333333333333334
extratrees,Cp,0.025,max_cumulative_patch,ISO,0.33,3,3,0.0,2.0166666666666666
extratrees,Cp,0.025,max_cumulative_patch,ISO,0.8,3,3,0.0,2.0166666666666666
extratrees,Cp,0.05,full_domain_ring,BWD,0.1,3,2,0.3333333333333333,1.05
extratrees,Cp,0.05,full_domain_ring,BWD,0.33,3,2,0.3333333333333333,1.6833333333333333
extratrees,Cp,0.05,full_domain_ring,BWD,0.8,3,3,0.0,1.0333333333333334
extratrees,Cp,0.05,full_domain_ring,FWD,0.1,3,3,0.0,0.5333333333333333
extratrees,Cp,0.05,full_domain_ring,FWD,0.33,3,1,0.6666666666666666,2.0166666666666666
extratrees,Cp,0.05,full_domain_ring,FWD,0.8,3,3,0.0,1.0333333333333334
extratrees,Cp,0.05,full_domain_ring,ISO,0.1,3,3,0.0,0.7000000000000001
extratrees,Cp,0.05,full_domain_ring,ISO,0.33,3,3,0.0,1.5166666666666666
extratrees,Cp,0.05,full_domain_ring,ISO,0.8,3,2,0.3333333333333333,2.0166666666666666
extratrees,Cp,0.05,max_cumulative_patch,BWD,0.1,3,3,0.0,1.0333333333333334
extratrees,Cp,0.05,max_cumulative_patch,BWD,0.33,3,3,0.0,0.7000000000000001
extratrees,Cp,0.05,max_cumulative_patch,BWD,0.8,3,3,0.0,1.0333333333333334
extratrees,Cp,0.05,max_cumulative_patch,FWD,0.1,3,3,0.0,1.0333333333333334
extratrees,Cp,0.05,max_cumulative_patch,FWD,0.33,3,3,0.0,1.1333333333333333
extratrees,Cp,0.05,max_cumulative_patch,FWD,0.8,3,3,0.0,1.0333333333333334
extratrees,Cp,0.05,max_cumulative_patch,ISO,0.1,3,3,0.0,1.0333333333333334
extratrees,Cp,0.05,max_cumulative_patch,ISO,0.33,3,3,0.0,2.0166666666666666
extratrees,Cp,0.05,max_cumulative_patch,ISO,0.8,3,3,0.0,2.0166666666666666
extratrees,Cp,0.1,full_domain_ring,BWD,0.1,3,2,0.3333333333333333,1.05
extratrees,Cp,0.1,full_domain_ring,BWD,0.33,3,2,0.3333333333333333,1.6833333333333333
extratrees,Cp,0.1,full_domain_ring,BWD,0.8,3,3,0.0,0.15
extratrees,Cp,0.1,full_domain_ring,FWD,0.1,3,3,0.0,0.05000000000000001
extratrees,Cp,0.1,full_domain_ring,FWD,0.33,3,1,0.6666666666666666,2.0166666666666666
extratrees,Cp,0.1,full_domain_ring,FWD,0.8,3,3,0.0,1.0333333333333334
extratrees,Cp,0.1,full_domain_ring,ISO,0.1,3,3,0.0,0.7000000000000001
extratrees,Cp,0.1,full_domain_ring,ISO,0.33,3,3,0.0,1.5166666666666666
extratrees,Cp,0.1,full_domain_ring,ISO,0.8,3,3,0.0,2.0166666666666666
extratrees,Cp,0.1,max_cumulative_patch,BWD,0.1,3,3,0.0,1.0333333333333334
extratrees,Cp,0.1,max_cumulative_patch,BWD,0.33,3,3,0.0,0.7000000000000001
extratrees,Cp,0.1,max_cumulative_patch,BWD,0.8,3,3,0.0,0.15
extratrees,Cp,0.1,max_cumulative_patch,FWD,0.1,3,3,0.0,1.0333333333333334
extratrees,Cp,0.1,max_cumulative_patch,FWD,0.33,3,3,0.0,1.1333333333333333
extratrees,Cp,0.1,max_cumulative_patch,FWD,0.8,3,3,0.0,1.0333333333333334
extratrees,Cp,0.1,max_cumulative_patch,ISO,0.1,3,3,0.0,1.0333333333333334
extratrees,Cp,0.1,max_cumulative_patch,ISO,0.33,3,3,0.0,2.0166666666666666
extratrees,Cp,0.1,max_cumulative_patch,ISO,0.8,3,3,0.0,2.0166666666666666
extratrees,Cq,0.025,full_domain_ring,BWD,0.1,3,2,0.3333333333333333,2.066666666666667
extratrees,Cq,0.025,full_domain_ring,BWD,0.33,3,2,0.3333333333333333,2.0
extratrees,Cq,0.025,full_domain_ring,BWD,0.8,3,3,0.0,2.0166666666666666
extratrees,Cq,0.025,full_domain_ring,FWD,0.1,3,3,0.0,0.35000000000000003
extratrees,Cq,0.025,full_domain_ring,FWD,0.33,3,3,0.0,0.6833333333333335
extratrees,Cq,0.025,full_domain_ring,FWD,0.8,3,3,0.0,1.5
extratrees,Cq,0.025,full_domain_ring,ISO,0.1,3,3,0.0,1.1666666666666667
extratrees,Cq,0.025,full_domain_ring,ISO,0.33,3,3,0.0,1.5333333333333332
extratrees,Cq,0.025,full_domain_ring,ISO,0.8,3,3,0.0,1.8333333333333333
extratrees,Cq,0.025,max_cumulative_patch,BWD,0.1,3,3,0.0,1.2333333333333334
extratrees,Cq,0.025,max_cumulative_patch,BWD,0.33,3,3,0.0,1.0
extratrees,Cq,0.025,max_cumulative_patch,BWD,0.8,3,3,0.0,3.0
extratrees,Cq,0.025,max_cumulative_patch,FWD,0.1,3,3,0.0,0.06666666666666667
extratrees,Cq,0.025,max_cumulative_patch,FWD,0.33,3,3,0.0,0.15
extratrees,Cq,0.025,max_cumulative_patch,FWD,0.8,3,3,0.0,1.5166666666666666
extratrees,Cq,0.025,max_cumulative_patch,ISO,0.1,3,3,0.0,1.2
extratrees,Cq,0.025,max_cumulative_patch,ISO,0.33,3,3,0.0,1.6833333333333333
extratrees,Cq,0.025,max_cumulative_patch,ISO,0.8,3,3,0.0,1.6833333333333333
extratrees,Cq,0.05,full_domain_ring,BWD,0.1,3,2,0.3333333333333333,2.066666666666667
extratrees,Cq,0.05,full_domain_ring,BWD,0.33,3,2,0.3333333333333333,2.0
extratrees,Cq,0.05,full_domain_ring,BWD,0.8,3,3,0.0,2.0166666666666666
extratrees,Cq,0.05,full_domain_ring,FWD,0.1,3,3,0.0,0.35000000000000003
extratrees,Cq,0.05,full_domain_ring,FWD,0.33,3,3,0.0,0.3
extratrees,Cq,0.05,full_domain_ring,FWD,0.8,3,3,0.0,1.5
extratrees,Cq,0.05,full_domain_ring,ISO,0.1,3,3,0.0,0.9166666666666666
extratrees,Cq,0.05,full_domain_ring,ISO,0.33,3,3,0.0,1.5166666666666666
extratrees,Cq,0.05,full_domain_ring,ISO,0.8,3,3,0.0,1.8333333333333333
extratrees,Cq,0.05,max_cumulative_patch,BWD,0.1,3,3,0.0,1.2333333333333334
extratrees,Cq,0.05,max_cumulative_patch,BWD,0.33,3,3,0.0,1.0
extratrees,Cq,0.05,max_cumulative_patch,BWD,0.8,3,3,0.0,3.0
extratrees,Cq,0.05,max_cumulative_patch,FWD,0.1,3,3,0.0,0.06666666666666667
extratrees,Cq,0.05,max_cumulative_patch,FWD,0.33,3,3,0.0,0.15
extratrees,Cq,0.05,max_cumulative_patch,FWD,0.8,3,3,0.0,1.5166666666666666
extratrees,Cq,0.05,max_cumulative_patch,ISO,0.1,3,3,0.0,1.2
extratrees,Cq,0.05,max_cumulative_patch,ISO,0.33,3,3,0.0,1.6833333333333333
extratrees,Cq,0.05,max_cumulative_patch,ISO,0.8,3,3,0.0,1.6833333333333333
extratrees,Cq,0.1,full_domain_ring,BWD,0.1,3,2,0.3333333333333333,2.066666666666667
extratrees,Cq,0.1,full_domain_ring,BWD,0.33,3,2,0.3333333333333333,2.0
extratrees,Cq,0.1,full_domain_ring,BWD,0.8,3,3,0.0,1.6833333333333333
extratrees,Cq,0.1,full_domain_ring,FWD,0.1,3,3,0.0,0.31666666666666665
extratrees,Cq,0.1,full_domain_ring,FWD,0.33,3,3,0.0,0.3
extratrees,Cq,0.1,full_domain_ring,FWD,0.8,3,3,0.0,1.5
extratrees,Cq,0.1,full_domain_ring,ISO,0.1,3,3,0.0,0.9166666666666666
extratrees,Cq,0.1,full_domain_ring,ISO,0.33,3,3,0.0,1.0166666666666666
extratrees,Cq,0.1,full_domain_ring,ISO,0.8,3,3,0.0,1.8333333333333333
extratrees,Cq,0.1,max_cumulative_patch,BWD,0.1,3,3,0.0,1.2333333333333334
extratrees,Cq,0.1,max_cumulative_patch,BWD,0.33,3,3,0.0,0.9500000000000001
extratrees,Cq,0.1,max_cumulative_patch,BWD,0.8,3,3,0.0,3.0
extratrees,Cq,0.1,max_cumulative_patch,FWD,0.1,3,3,0.0,0.05000000000000001
extratrees,Cq,0.1,max_cumulative_patch,FWD,0.33,3,3,0.0,0.15
extratrees,Cq,0.1,max_cumulative_patch,FWD,0.8,3,3,0.0,1.1833333333333333
extratrees,Cq,0.1,max_cumulative_patch,ISO,0.1,3,3,0.0,1.1833333333333333
extratrees,Cq,0.1,max_cumulative_patch,ISO,0.33,3,3,0.0,1.1833333333333333
extratrees,Cq,0.1,max_cumulative_patch,ISO,0.8,3,3,0.0,1.6833333333333333
extratrees,tau_abs,0.025,full_domain_ring,BWD,0.1,3,3,0.0,0.10000000000000002
extratrees,tau_abs,0.025,full_domain_ring,BWD,0.33,3,3,0.0,0.10000000000000002
extratrees,tau_abs,0.025,full_domain_ring,BWD,0.8,3,3,0.0,1.1833333333333333
extratrees,tau_abs,0.025,full_domain_ring,FWD,0.1,3,3,0.0,0.10000000000000002
extratrees,tau_abs,0.025,full_domain_ring,FWD,0.33,3,3,0.0,0.10000000000000002
extratrees,tau_abs,0.025,full_domain_ring,FWD,0.8,3,3,0.0,0.13333333333333333
extratrees,tau_abs,0.025,full_domain_ring,ISO,0.1,3,3,0.0,0.05000000000000001
extratrees,tau_abs,0.025,full_domain_ring,ISO,0.33,3,3,0.0,0.06666666666666667
extratrees,tau_abs,0.025,full_domain_ring,ISO,0.8,3,3,0.0,0.21666666666666667
extratrees,tau_abs,0.025,max_cumulative_patch,BWD,0.1,3,3,0.0,0.06666666666666667
extratrees,tau_abs,0.025,max_cumulative_patch,BWD,0.33,3,3,0.0,0.06666666666666667
extratrees,tau_abs,0.025,max_cumulative_patch,BWD,0.8,3,3,0.0,1.6833333333333333
extratrees,tau_abs,0.025,max_cumulative_patch,FWD,0.1,3,3,0.0,0.05000000000000001
extratrees,tau_abs,0.025,max_cumulative_patch,FWD,0.33,3,3,0.0,0.10000000000000002
extratrees,tau_abs,0.025,max_cumulative_patch,FWD,0.8,3,3,0.0,1.0333333333333334
extratrees,tau_abs,0.025,max_cumulative_patch,ISO,0.1,3,3,0.0,0.05000000000000001
extratrees,tau_abs,0.025,max_cumulative_patch,ISO,0.33,3,3,0.0,0.05000000000000001
extratrees,tau_abs,0.025,max_cumulative_patch,ISO,0.8,3,3,0.0,0.3
extratrees,tau_abs,0.05,full_domain_ring,BWD,0.1,3,3,0.0,0.10000000000000002
extratrees,tau_abs,0.05,full_domain_ring,BWD,0.33,3,3,0.0,0.10000000000000002
extratrees,tau_abs,0.05,full_domain_ring,BWD,0.8,3,3,0.0,1.0166666666666666
extratrees,tau_abs,0.05,full_domain_ring,FWD,0.1,3,3,0.0,0.10000000000000002
extratrees,tau_abs,0.05,full_domain_ring,FWD,0.33,3,3,0.0,0.10000000000000002
extratrees,tau_abs,0.05,full_domain_ring,FWD,0.8,3,3,0.0,0.10000000000000002
extratrees,tau_abs,0.05,full_domain_ring,ISO,0.1,3,3,0.0,0.05000000000000001
extratrees,tau_abs,0.05,full_domain_ring,ISO,0.33,3,3,0.0,0.06666666666666667
extratrees,tau_abs,0.05,full_domain_ring,ISO,0.8,3,3,0.0,0.21666666666666667
extratrees,tau_abs,0.05,max_cumulative_patch,BWD,0.1,3,3,0.0,0.05000000000000001
extratrees,tau_abs,0.05,max_cumulative_patch,BWD,0.33,3,3,0.0,0.06666666666666667
extratrees,tau_abs,0.05,max_cumulative_patch,BWD,0.8,3,3,0.0,1.6833333333333333
extratrees,tau_abs,0.05,max_cumulative_patch,FWD,0.1,3,3,0.0,0.05000000000000001
extratrees,tau_abs,0.05,max_cumulative_patch,FWD,0.33,3,3,0.0,0.10000000000000002
extratrees,tau_abs,0.05,max_cumulative_patch,FWD,0.8,3,3,0.0,1.0333333333333334
extratrees,tau_abs,0.05,max_cumulative_patch,ISO,0.1,3,3,0.0,0.05000000000000001
extratrees,tau_abs,0.05,max_cumulative_patch,ISO,0.33,3,3,0.0,0.05000000000000001
extratrees,tau_abs,0.05,max_cumulative_patch,ISO,0.8,3,3,0.0,0.3
extratrees,tau_abs,0.1,full_domain_ring,BWD,0.1,3,3,0.0,0.06666666666666667
extratrees,tau_abs,0.1,full_domain_ring,BWD,0.33,3,3,0.0,0.10000000000000002
extratrees,tau_abs,0.1,full_domain_ring,BWD,0.8,3,3,0.0,1.0166666666666666
extratrees,tau_abs,0.1,full_domain_ring,FWD,0.1,3,3,0.0,0.05000000000000001
extratrees,tau_abs,0.1,full_domain_ring,FWD,0.33,3,3,0.0,0.05000000000000001
extratrees,tau_abs,0.1,full_domain_ring,FWD,0.8,3,3,0.0,0.08333333333333333
extratrees,tau_abs,0.1,full_domain_ring,ISO,0.1,3,3,0.0,0.05000000000000001
extratrees,tau_abs,0.1,full_domain_ring,ISO,0.33,3,3,0.0,0.05000000000000001
extratrees,tau_abs,0.1,full_domain_ring,ISO,0.8,3,3,0.0,0.16666666666666666
extratrees,tau_abs,0.1,max_cumulative_patch,BWD,0.1,3,3,0.0,0.05000000000000001
extratrees,tau_abs,0.1,max_cumulative_patch,BWD,0.33,3,3,0.0,0.06666666666666667
extratrees,tau_abs,0.1,max_cumulative_patch,BWD,0.8,3,3,0.0,1.6833333333333333
extratrees,tau_abs,0.1,max_cumulative_patch,FWD,0.1,3,3,0.0,0.05000000000000001
extratrees,tau_abs,0.1,max_cumulative_patch,FWD,0.33,3,3,0.0,0.10000000000000002
extratrees,tau_abs,0.1,max_cumulative_patch,FWD,0.8,3,3,0.0,0.7000000000000001
extratrees,tau_abs,0.1,max_cumulative_patch,ISO,0.1,3,3,0.0,0.05000000000000001
extratrees,tau_abs,0.1,max_cumulative_patch,ISO,0.33,3,3,0.0,0.05000000000000001
extratrees,tau_abs,0.1,max_cumulative_patch,ISO,0.8,3,3,0.0,0.25
ridge,Cp,0.025,full_domain_ring,BWD,0.1,3,0,1.0,3.0
ridge,Cp,0.025,full_domain_ring,BWD,0.33,3,2,0.3333333333333333,2.6666666666666665
ridge,Cp,0.025,full_domain_ring,BWD,0.8,3,1,0.6666666666666666,2.5
ridge,Cp,0.025,full_domain_ring,FWD,0.1,3,0,1.0,3.0
ridge,Cp,0.025,full_domain_ring,FWD,0.33,3,2,0.3333333333333333,1.7333333333333334
ridge,Cp,0.025,full_domain_ring,FWD,0.8,3,2,0.3333333333333333,2.1166666666666667
ridge,Cp,0.025,full_domain_ring,ISO,0.1,3,2,0.3333333333333333,2.3333333333333335
ridge,Cp,0.025,full_domain_ring,ISO,0.33,3,1,0.6666666666666666,3.0
ridge,Cp,0.025,full_domain_ring,ISO,0.8,3,1,0.6666666666666666,2.3333333333333335
ridge,Cp,0.025,max_cumulative_patch,BWD,0.1,3,3,0.0,2.0166666666666666
ridge,Cp,0.025,max_cumulative_patch,BWD,0.33,3,3,0.0,2.0166666666666666
ridge,Cp,0.025,max_cumulative_patch,BWD,0.8,3,3,0.0,2.5
ridge,Cp,0.025,max_cumulative_patch,FWD,0.1,3,3,0.0,3.0
ridge,Cp,0.025,max_cumulative_patch,FWD,0.33,3,3,0.0,2.066666666666667
ridge,Cp,0.025,max_cumulative_patch,FWD,0.8,3,3,0.0,3.0
ridge,Cp,0.025,max_cumulative_patch,ISO,0.1,3,3,0.0,2.066666666666667
ridge,Cp,0.025,max_cumulative_patch,ISO,0.33,3,3,0.0,2.0166666666666666
ridge,Cp,0.025,max_cumulative_patch,ISO,0.8,3,3,0.0,2.3333333333333335
ridge,Cp,0.05,full_domain_ring,BWD,0.1,3,0,1.0,3.0
ridge,Cp,0.05,full_domain_ring,BWD,0.33,3,2,0.3333333333333333,2.6666666666666665
ridge,Cp,0.05,full_domain_ring,BWD,0.8,3,1,0.6666666666666666,2.5
ridge,Cp,0.05,full_domain_ring,FWD,0.1,3,0,1.0,3.0
ridge,Cp,0.05,full_domain_ring,FWD,0.33,3,2,0.3333333333333333,1.7
ridge,Cp,0.05,full_domain_ring,FWD,0.8,3,2,0.3333333333333333,2.033333333333333
ridge,Cp,0.05,full_domain_ring,ISO,0.1,3,2,0.3333333333333333,1.9166666666666667
ridge,Cp,0.05,full_domain_ring,ISO,0.33,3,1,0.6666666666666666,3.0
ridge,Cp,0.05,full_domain_ring,ISO,0.8,3,1,0.6666666666666666,2.3333333333333335
ridge,Cp,0.05,max_cumulative_patch,BWD,0.1,3,3,0.0,2.0166666666666666
ridge,Cp,0.05,max_cumulative_patch,BWD,0.33,3,3,0.0,2.0166666666666666
ridge,Cp,0.05,max_cumulative_patch,BWD,0.8,3,3,0.0,2.5
ridge,Cp,0.05,max_cumulative_patch,FWD,0.1,3,3,0.0,2.6666666666666665
ridge,Cp,0.05,max_cumulative_patch,FWD,0.33,3,3,0.0,2.066666666666667
ridge,Cp,0.05,max_cumulative_patch,FWD,0.8,3,3,0.0,3.0
ridge,Cp,0.05,max_cumulative_patch,ISO,0.1,3,3,0.0,2.066666666666667
ridge,Cp,0.05,max_cumulative_patch,ISO,0.33,3,3,0.0,2.0166666666666666
ridge,Cp,0.05,max_cumulative_patch,ISO,0.8,3,3,0.0,2.3333333333333335
ridge,Cp,0.1,full_domain_ring,BWD,0.1,3,1,0.6666666666666666,3.0
ridge,Cp,0.1,full_domain_ring,BWD,0.33,3,2,0.3333333333333333,2.6666666666666665
ridge,Cp,0.1,full_domain_ring,BWD,0.8,3,2,0.3333333333333333,2.5
ridge,Cp,0.1,full_domain_ring,FWD,0.1,3,1,0.6666666666666666,3.0
ridge,Cp,0.1,full_domain_ring,FWD,0.33,3,2,0.3333333333333333,1.6833333333333333
ridge,Cp,0.1,full_domain_ring,FWD,0.8,3,2,0.3333333333333333,2.033333333333333
ridge,Cp,0.1,full_domain_ring,ISO,0.1,3,2,0.3333333333333333,1.8333333333333333
ridge,Cp,0.1,full_domain_ring,ISO,0.33,3,1,0.6666666666666666,3.0
ridge,Cp,0.1,full_domain_ring,ISO,0.8,3,1,0.6666666666666666,2.3333333333333335
ridge,Cp,0.1,max_cumulative_patch,BWD,0.1,3,3,0.0,2.0166666666666666
ridge,Cp,0.1,max_cumulative_patch,BWD,0.33,3,3,0.0,2.0166666666666666
ridge,Cp,0.1,max_cumulative_patch,BWD,0.8,3,3,0.0,2.5
ridge,Cp,0.1,max_cumulative_patch,FWD,0.1,3,3,0.0,2.6666666666666665
ridge,Cp,0.1,max_cumulative_patch,FWD,0.33,3,3,0.0,2.066666666666667
ridge,Cp,0.1,max_cumulative_patch,FWD,0.8,3,3,0.0,3.0
ridge,Cp,0.1,max_cumulative_patch,ISO,0.1,3,3,0.0,2.066666666666667
ridge,Cp,0.1,max_cumulative_patch,ISO,0.33,3,3,0.0,2.0166666666666666
ridge,Cp,0.1,max_cumulative_patch,ISO,0.8,3,3,0.0,2.3333333333333335
ridge,Cq,0.025,full_domain_ring,BWD,0.1,3,2,0.3333333333333333,1.3666666666666665
ridge,Cq,0.025,full_domain_ring,BWD,0.33,3,0,1.0,3.0
ridge,Cq,0.025,full_domain_ring,BWD,0.8,3,1,0.6666666666666666,2.5
ridge,Cq,0.025,full_domain_ring,FWD,0.1,3,1,0.6666666666666666,2.066666666666667
ridge,Cq,0.025,full_domain_ring,FWD,0.33,3,2,0.3333333333333333,1.1333333333333333
ridge,Cq,0.025,full_domain_ring,FWD,0.8,3,1,0.6666666666666666,2.25
ridge,Cq,0.025,full_domain_ring,ISO,0.1,3,1,0.6666666666666666,2.0166666666666666
ridge,Cq,0.025,full_domain_ring,ISO,0.33,3,0,1.0,3.0
ridge,Cq,0.025,full_domain_ring,ISO,0.8,3,2,0.3333333333333333,1.5333333333333332
ridge,Cq,0.025,max_cumulative_patch,BWD,0.1,3,3,0.0,0.2833333333333333
ridge,Cq,0.025,max_cumulative_patch,BWD,0.33,3,3,0.0,0.5333333333333333
ridge,Cq,0.025,max_cumulative_patch,BWD,0.8,3,3,0.0,0.5499999999999999
ridge,Cq,0.025,max_cumulative_patch,FWD,0.1,3,3,0.0,0.10000000000000002
ridge,Cq,0.025,max_cumulative_patch,FWD,0.33,3,3,0.0,0.06666666666666667
ridge,Cq,0.025,max_cumulative_patch,FWD,0.8,3,3,0.0,0.15
ridge,Cq,0.025,max_cumulative_patch,ISO,0.1,3,3,0.0,0.05000000000000001
ridge,Cq,0.025,max_cumulative_patch,ISO,0.33,3,3,0.0,0.06666666666666667
ridge,Cq,0.025,max_cumulative_patch,ISO,0.8,3,3,0.0,0.7000000000000001
ridge,Cq,0.05,full_domain_ring,BWD,0.1,3,2,0.3333333333333333,1.3666666666666665
ridge,Cq,0.05,full_domain_ring,BWD,0.33,3,0,1.0,3.0
ridge,Cq,0.05,full_domain_ring,BWD,0.8,3,1,0.6666666666666666,2.5
ridge,Cq,0.05,full_domain_ring,FWD,0.1,3,1,0.6666666666666666,2.066666666666667
ridge,Cq,0.05,full_domain_ring,FWD,0.33,3,2,0.3333333333333333,1.1333333333333333
ridge,Cq,0.05,full_domain_ring,FWD,0.8,3,1,0.6666666666666666,2.1666666666666665
ridge,Cq,0.05,full_domain_ring,ISO,0.1,3,1,0.6666666666666666,2.0166666666666666
ridge,Cq,0.05,full_domain_ring,ISO,0.33,3,0,1.0,3.0
ridge,Cq,0.05,full_domain_ring,ISO,0.8,3,2,0.3333333333333333,1.5333333333333332
ridge,Cq,0.05,max_cumulative_patch,BWD,0.1,3,3,0.0,0.2833333333333333
ridge,Cq,0.05,max_cumulative_patch,BWD,0.33,3,3,0.0,0.06666666666666667
ridge,Cq,0.05,max_cumulative_patch,BWD,0.8,3,3,0.0,0.5499999999999999
ridge,Cq,0.05,max_cumulative_patch,FWD,0.1,3,3,0.0,0.10000000000000002
ridge,Cq,0.05,max_cumulative_patch,FWD,0.33,3,3,0.0,0.06666666666666667
ridge,Cq,0.05,max_cumulative_patch,FWD,0.8,3,3,0.0,0.15
ridge,Cq,0.05,max_cumulative_patch,ISO,0.1,3,3,0.0,0.05000000000000001
ridge,Cq,0.05,max_cumulative_patch,ISO,0.33,3,3,0.0,0.06666666666666667
ridge,Cq,0.05,max_cumulative_patch,ISO,0.8,3,3,0.0,0.7000000000000001
ridge,Cq,0.1,full_domain_ring,BWD,0.1,3,2,0.3333333333333333,1.3666666666666665
ridge,Cq,0.1,full_domain_ring,BWD,0.33,3,0,1.0,3.0
ridge,Cq,0.1,full_domain_ring,BWD,0.8,3,1,0.6666666666666666,2.5
ridge,Cq,0.1,full_domain_ring,FWD,0.1,3,1,0.6666666666666666,2.033333333333333
ridge,Cq,0.1,full_domain_ring,FWD,0.33,3,2,0.3333333333333333,1.0833333333333333
ridge,Cq,0.1,full_domain_ring,FWD,0.8,3,2,0.3333333333333333,1.2333333333333334
ridge,Cq,0.1,full_domain_ring,ISO,0.1,3,1,0.6666666666666666,2.0166666666666666
ridge,Cq,0.1,full_domain_ring,ISO,0.33,3,0,1.0,3.0
ridge,Cq,0.1,full_domain_ring,ISO,0.8,3,2,0.3333333333333333,1.5333333333333332
ridge,Cq,0.1,max_cumulative_patch,BWD,0.1,3,3,0.0,0.2833333333333333
ridge,Cq,0.1,max_cumulative_patch,BWD,0.33,3,3,0.0,0.06666666666666667
ridge,Cq,0.1,max_cumulative_patch,BWD,0.8,3,3,0.0,0.5499999999999999
ridge,Cq,0.1,max_cumulative_patch,FWD,0.1,3,3,0.0,0.10000000000000002
ridge,Cq,0.1,max_cumulative_patch,FWD,0.33,3,3,0.0,0.06666666666666667
ridge,Cq,0.1,max_cumulative_patch,FWD,0.8,3,3,0.0,0.15
ridge,Cq,0.1,max_cumulative_patch,ISO,0.1,3,3,0.0,0.05000000000000001
ridge,Cq,0.1,max_cumulative_patch,ISO,0.33,3,3,0.0,0.05000000000000001
ridge,Cq,0.1,max_cumulative_patch,ISO,0.8,3,3,0.0,0.5333333333333333
ridge,tau_abs,0.025,full_domain_ring,BWD,0.1,3,1,0.6666666666666666,2.1666666666666665
ridge,tau_abs,0.025,full_domain_ring,BWD,0.33,3,1,0.6666666666666666,2.0166666666666666
ridge,tau_abs,0.025,full_domain_ring,BWD,0.8,3,1,0.6666666666666666,2.25
ridge,tau_abs,0.025,full_domain_ring,FWD,0.1,3,3,0.0,0.25
ridge,tau_abs,0.025,full_domain_ring,FWD,0.33,3,2,0.3333333333333333,1.3499999999999999
ridge,tau_abs,0.025,full_domain_ring,FWD,0.8,3,3,0.0,0.3333333333333333
ridge,tau_abs,0.025,full_domain_ring,ISO,0.1,3,1,0.6666666666666666,2.1666666666666665
ridge,tau_abs,0.025,full_domain_ring,ISO,0.33,3,2,0.3333333333333333,1.2
ridge,tau_abs,0.025,full_domain_ring,ISO,0.8,3,3,0.0,0.2833333333333334
ridge,tau_abs,0.025,max_cumulative_patch,BWD,0.1,3,3,0.0,0.05000000000000001
ridge,tau_abs,0.025,max_cumulative_patch,BWD,0.33,3,3,0.0,0.05000000000000001
ridge,tau_abs,0.025,max_cumulative_patch,BWD,0.8,3,3,0.0,0.85
ridge,tau_abs,0.025,max_cumulative_patch,FWD,0.1,3,3,0.0,0.11666666666666668
ridge,tau_abs,0.025,max_cumulative_patch,FWD,0.33,3,3,0.0,0.05000000000000001
ridge,tau_abs,0.025,max_cumulative_patch,FWD,0.8,3,3,0.0,0.3
ridge,tau_abs,0.025,max_cumulative_patch,ISO,0.1,3,3,0.0,0.05000000000000001
ridge,tau_abs,0.025,max_cumulative_patch,ISO,0.33,3,3,0.0,0.10000000000000002
ridge,tau_abs,0.025,max_cumulative_patch,ISO,0.8,3,3,0.0,0.38333333333333336
ridge,tau_abs,0.05,full_domain_ring,BWD,0.1,3,1,0.6666666666666666,2.1666666666666665
ridge,tau_abs,0.05,full_domain_ring,BWD,0.33,3,1,0.6666666666666666,2.0166666666666666
ridge,tau_abs,0.05,full_domain_ring,BWD,0.8,3,1,0.6666666666666666,2.033333333333333
ridge,tau_abs,0.05,full_domain_ring,FWD,0.1,3,3,0.0,0.19999999999999998
ridge,tau_abs,0.05,full_domain_ring,FWD,0.33,3,2,0.3333333333333333,1.1833333333333333
ridge,tau_abs,0.05,full_domain_ring,FWD,0.8,3,3,0.0,0.2833333333333334
ridge,tau_abs,0.05,full_domain_ring,ISO,0.1,3,2,0.3333333333333333,1.1500000000000001
ridge,tau_abs,0.05,full_domain_ring,ISO,0.33,3,2,0.3333333333333333,1.2
ridge,tau_abs,0.05,full_domain_ring,ISO,0.8,3,3,0.0,0.2833333333333334
ridge,tau_abs,0.05,max_cumulative_patch,BWD,0.1,3,3,0.0,0.05000000000000001
ridge,tau_abs,0.05,max_cumulative_patch,BWD,0.33,3,3,0.0,0.05000000000000001
ridge,tau_abs,0.05,max_cumulative_patch,BWD,0.8,3,3,0.0,0.3833333333333333
ridge,tau_abs,0.05,max_cumulative_patch,FWD,0.1,3,3,0.0,0.06666666666666667
ridge,tau_abs,0.05,max_cumulative_patch,FWD,0.33,3,3,0.0,0.05000000000000001
ridge,tau_abs,0.05,max_cumulative_patch,FWD,0.8,3,3,0.0,0.3
ridge,tau_abs,0.05,max_cumulative_patch,ISO,0.1,3,3,0.0,0.05000000000000001
ridge,tau_abs,0.05,max_cumulative_patch,ISO,0.33,3,3,0.0,0.10000000000000002
ridge,tau_abs,0.05,max_cumulative_patch,ISO,0.8,3,3,0.0,0.3666666666666667
ridge,tau_abs,0.1,full_domain_ring,BWD,0.1,3,1,0.6666666666666666,2.1166666666666667
ridge,tau_abs,0.1,full_domain_ring,BWD,0.33,3,2,0.3333333333333333,1.1833333333333333
ridge,tau_abs,0.1,full_domain_ring,BWD,0.8,3,1,0.6666666666666666,2.033333333333333
ridge,tau_abs,0.1,full_domain_ring,FWD,0.1,3,3,0.0,0.19999999999999998
ridge,tau_abs,0.1,full_domain_ring,FWD,0.33,3,2,0.3333333333333333,1.1833333333333333
ridge,tau_abs,0.1,full_domain_ring,FWD,0.8,3,3,0.0,0.2833333333333334
ridge,tau_abs,0.1,full_domain_ring,ISO,0.1,3,2,0.3333333333333333,1.1333333333333333
ridge,tau_abs,0.1,full_domain_ring,ISO,0.33,3,2,0.3333333333333333,1.2
ridge,tau_abs,0.1,full_domain_ring,ISO,0.8,3,3,0.0,0.2833333333333334
ridge,tau_abs,0.1,max_cumulative_patch,BWD,0.1,3,3,0.0,0.05000000000000001
ridge,tau_abs,0.1,max_cumulative_patch,BWD,0.33,3,3,0.0,0.05000000000000001
ridge,tau_abs,0.1,max_cumulative_patch,BWD,0.8,3,3,0.0,0.3833333333333333
ridge,tau_abs,0.1,max_cumulative_patch,FWD,0.1,3,3,0.0,0.05000000000000001
ridge,tau_abs,0.1,max_cumulative_patch,FWD,0.33,3,3,0.0,0.05000000000000001
ridge,tau_abs,0.1,max_cumulative_patch,FWD,0.8,3,3,0.0,0.10000000000000002
ridge,tau_abs,0.1,max_cumulative_patch,ISO,0.1,3,3,0.0,0.05000000000000001
ridge,tau_abs,0.1,max_cumulative_patch,ISO,0.33,3,3,0.0,0.10000000000000002
ridge,tau_abs,0.1,max_cumulative_patch,ISO,0.8,3,3,0.0,0.2833333333333334
