model,config,target,relL2_mean,relL2_median
extratrees,R0p05,Cp,0.27781093858845174,0.18911949797229688
extratrees,R0p10,Cp,0.2809486173502931,0.21124348307173643
extratrees,R0p20,Cp,0.2940470557268203,0.25604490431505683
extratrees,R0p35,Cp,0.2964482966667817,0.21033618531172288
extratrees,R0p50,Cp,0.30333091019623687,0.24923094813862526
extratrees,R0p75,Cp,0.3140307910278171,0.24477607583837963
extratrees,R1,Cp,0.3122230318861356,0.25752720043480987
extratrees,R1p50,Cp,0.2882579513093144,0.21701344364338557
extratrees,R2,Cp,0.2654809694994023,0.18419686605915817
extratrees,R3,Cp,0.25049229403525997,0.1701403430101045
extratrees,full,Cp,0.23983880600901444,0.13326881444205846
extratrees,local,Cp,0.2843766817999584,0.21419910375463042
extratrees,parameter_only,Cp,0.4918696797869292,0.4129960753357495
extratrees,R0p05,Cq,0.42191669452623703,0.3619039396704411
extratrees,R0p10,Cq,0.3836688867649321,0.2992351247396522
extratrees,R0p20,Cq,0.34435115996560256,0.2798606367738788
extratrees,R0p35,Cq,0.312620970223692,0.25352570315391243
extratrees,R0p50,Cq,0.2839486440863528,0.24444634781030478
extratrees,R0p75,Cq,0.26010555621556286,0.22190998965858713
extratrees,R1,Cq,0.2539772206606686,0.20229799065168758
extratrees,R1p50,Cq,0.23877734446904655,0.20824808307288975
extratrees,R2,Cq,0.23727719103777242,0.20761237172787783
extratrees,R3,Cq,0.24562997016841767,0.2199233295356461
extratrees,full,Cq,0.22660107115177724,0.20259660636434867
extratrees,local,Cq,0.3789050544935011,0.29527517243029733
extratrees,parameter_only,Cq,0.8703154880143751,0.46684597810923034
extratrees,R0p05,tau_abs,0.3778042957078711,0.34744374184277454
extratrees,R0p10,tau_abs,0.3544615598171699,0.31915894801603456
extratrees,R0p20,tau_abs,0.34962587182851557,0.33188368746079316
extratrees,R0p35,tau_abs,0.36362413431728524,0.36347907850558153
extratrees,R0p50,tau_abs,0.3712090120951294,0.35170292781983264
extratrees,R0p75,tau_abs,0.36803175705128666,0.335723557382226
extratrees,R1,tau_abs,0.3718854420094153,0.33693072799815654
extratrees,R1p50,tau_abs,0.3714062530068046,0.32125733990046945
extratrees,R2,tau_abs,0.3742963375732205,0.3474822242215803
extratrees,R3,tau_abs,0.38397723551362273,0.3695946937296567
extratrees,full,tau_abs,0.38372077673902294,0.37278911955581134
extratrees,local,tau_abs,0.3482069354490721,0.303823662509213
extratrees,parameter_only,tau_abs,0.5155287992092286,0.3330180143333438
ridge,R0p05,Cp,0.8093832637681752,0.455902607954455
ridge,R0p10,Cp,0.7361788607854569,0.4404888257380087
ridge,R0p20,Cp,0.6709128662877335,0.4364036590588214
ridge,R0p35,Cp,0.6518546508355437,0.4260050785206588
ridge,R0p50,Cp,0.6345702928489745,0.4573769436499801
ridge,R0p75,Cp,0.6073481948546153,0.4788776654507311
ridge,R1,Cp,0.5256184055754957,0.39783816613536593
ridge,R1p50,Cp,0.4693956762836777,0.33129702171302544
ridge,R2,Cp,0.3930015471364512,0.29059371999433653
ridge,R3,Cp,0.2751368849572819,0.24877107628602338
ridge,full,Cp,0.29307076247139935,0.19688850802795116
ridge,local,Cp,0.7497332540845512,0.4398482736785027
ridge,parameter_only,Cp,1.2746033473862057,0.5478938791019557
ridge,R0p05,Cq,0.7895552911982443,0.5394590321085574
ridge,R0p10,Cq,0.637646457061032,0.4592703515174635
ridge,R0p20,Cq,0.5171317225049935,0.36259909183457995
ridge,R0p35,Cq,0.5269318479604682,0.36236166984153423
ridge,R0p50,Cq,0.5717533008417993,0.378388608554315
ridge,R0p75,Cq,0.6035007448590436,0.3840086644101635
ridge,R1,Cq,0.598291031341349,0.3778788683635956
ridge,R1p50,Cq,0.5717216635820065,0.39811897371372473
ridge,R2,Cq,0.6799219819126786,0.4318954972297165
ridge,R3,Cq,0.7632251454317405,0.4243634738453108
ridge,full,Cq,0.4191776454379994,0.2805054901044625
ridge,local,Cq,0.6971866591682192,0.5090416348720261
ridge,parameter_only,Cq,1.7815191924557467,0.5722190963414828
ridge,R0p05,tau_abs,0.745307958503141,0.5648939384997966
ridge,R0p10,tau_abs,0.689967905639547,0.5795979074903248
ridge,R0p20,tau_abs,0.7146233871966415,0.5642745914156082
ridge,R0p35,tau_abs,0.7022770774394508,0.5237900566204282
ridge,R0p50,tau_abs,0.6268029288683871,0.5017164467810636
ridge,R0p75,tau_abs,0.6010325847052594,0.4923690519437946
ridge,R1,tau_abs,0.648357173709278,0.5095046729797285
ridge,R1p50,tau_abs,0.6977597430211219,0.536409715077532
ridge,R2,tau_abs,0.7495378595652483,0.5685952682503622
ridge,R3,tau_abs,0.8199304347729721,0.5880933964555191
ridge,full,tau_abs,0.6434933206437542,0.44149783476437854
ridge,local,tau_abs,0.7083733567151193,0.5563203414389101
ridge,parameter_only,tau_abs,1.044715389456577,0.6291735091020701
