model,target,epsilon,reference_mode,n,n_reached,censored_fraction,R_lower_mean,R_lower_median,ref_error_mean
extratrees,Cp,0.025,full_domain_ring,27,22,0.18518518518518517,1.3592592592592594,1.5,0.23983880600901444
extratrees,Cp,0.025,max_cumulative_patch,27,27,0.0,1.287037037037037,0.05,0.25049229403525997
extratrees,Cp,0.05,full_domain_ring,27,22,0.18518518518518517,1.287037037037037,0.1,0.23983880600901444
extratrees,Cp,0.05,max_cumulative_patch,27,27,0.0,1.225925925925926,0.05,0.25049229403525997
extratrees,Cp,0.1,full_domain_ring,27,23,0.14814814814814814,1.1351851851851853,0.05,0.23983880600901444
extratrees,Cp,0.1,max_cumulative_patch,27,27,0.0,1.1277777777777778,0.05,0.25049229403525997
extratrees,Cq,0.025,full_domain_ring,27,25,0.07407407407407407,1.4611111111111112,1.5,0.22660107115177724
extratrees,Cq,0.025,max_cumulative_patch,27,27,0.0,1.2814814814814814,0.5,0.24562997016841767
extratrees,Cq,0.05,full_domain_ring,27,25,0.07407407407407407,1.3888888888888888,1.5,0.22660107115177724
extratrees,Cq,0.05,max_cumulative_patch,27,27,0.0,1.2814814814814814,0.5,0.24562997016841767
extratrees,Cq,0.1,full_domain_ring,27,25,0.07407407407407407,1.2925925925925925,1.5,0.22660107115177724
extratrees,Cq,0.1,max_cumulative_patch,27,27,0.0,1.1796296296296296,0.5,0.24562997016841767
extratrees,tau_abs,0.025,full_domain_ring,27,27,0.0,0.2277777777777778,0.05,0.38372077673902294
extratrees,tau_abs,0.025,max_cumulative_patch,27,27,0.0,0.37777777777777777,0.05,0.38397723551362273
extratrees,tau_abs,0.05,full_domain_ring,27,27,0.0,0.20555555555555555,0.05,0.38372077673902294
extratrees,tau_abs,0.05,max_cumulative_patch,27,27,0.0,0.37592592592592594,0.05,0.38397723551362273
extratrees,tau_abs,0.1,full_domain_ring,27,27,0.0,0.1814814814814815,0.05,0.38372077673902294
extratrees,tau_abs,0.1,max_cumulative_patch,27,27,0.0,0.3333333333333333,0.05,0.38397723551362273
ridge,Cp,0.025,full_domain_ring,27,11,0.5925925925925926,2.52037037037037,3.0,0.29307076247139935
ridge,Cp,0.025,max_cumulative_patch,27,27,0.0,2.335185185185185,3.0,0.2751368849572819
ridge,Cp,0.05,full_domain_ring,27,11,0.5925925925925926,2.4611111111111112,3.0,0.29307076247139935
ridge,Cp,0.05,max_cumulative_patch,27,27,0.0,2.298148148148148,3.0,0.2751368849572819
ridge,Cp,0.1,full_domain_ring,27,14,0.48148148148148145,2.45,3.0,0.29307076247139935
ridge,Cp,0.1,max_cumulative_patch,27,27,0.0,2.298148148148148,3.0,0.2751368849572819
ridge,Cq,0.025,full_domain_ring,27,10,0.6296296296296297,2.0962962962962965,3.0,0.4191776454379994
ridge,Cq,0.025,max_cumulative_patch,27,27,0.0,0.2777777777777778,0.05,0.7632251454317405
ridge,Cq,0.05,full_domain_ring,27,10,0.6296296296296297,2.087037037037037,3.0,0.4191776454379994
ridge,Cq,0.05,max_cumulative_patch,27,27,0.0,0.22592592592592592,0.05,0.7632251454317405
ridge,Cq,0.1,full_domain_ring,27,11,0.5925925925925926,1.9740740740740739,3.0,0.4191776454379994
ridge,Cq,0.1,max_cumulative_patch,27,27,0.0,0.20555555555555557,0.05,0.7632251454317405
ridge,tau_abs,0.025,full_domain_ring,27,17,0.37037037037037035,1.335185185185185,0.75,0.6434933206437542
ridge,tau_abs,0.025,max_cumulative_patch,27,27,0.0,0.21666666666666667,0.05,0.8199304347729721
ridge,tau_abs,0.05,full_domain_ring,27,18,0.3333333333333333,1.1685185185185185,0.5,0.6434933206437542
ridge,tau_abs,0.05,max_cumulative_patch,27,27,0.0,0.1574074074074074,0.05,0.8199304347729721
ridge,tau_abs,0.1,full_domain_ring,27,19,0.2962962962962963,1.0685185185185186,0.5,0.6434933206437542
ridge,tau_abs,0.1,max_cumulative_patch,27,27,0.0,0.12407407407407407,0.05,0.8199304347729721
